unidade,bairro_unid
0123701,SANTA TERESA
0101501,CAJU
0102502,CIDADE NOVA
0102503,CIDADE NOVA
0102504,CIDADE NOVA
0102505,CENTRO
0101601,CAJU
0101602,CAJU
0101603,CAJU
0101604,CAJU
0101605,CAJU
0101606,CAJU
0101607,SANTO CRISTO
0102601,ESTACIO
0102602,CIDADE NOVA
0102604,CENTRO
0102605,CENTRO
0102606,CENTRO
0103601,ESTACIO
0103602,RIO COMPRIDO
0103604,RIO COMPRIDO - TURANO
0103605,RIO COMPRIDO
0103606,RIO COMPRIDO
0103607,ESTACIO
0107601,IMPERIAL DE SAO CRISTOVAO
0107602,SAO CRISTOVAO - TUIUTI
0107603,MANGUEIRA
0107604,MANGUEIRA
0107605,MANGUEIRA - MORRO DOS TELEGRAFOS
0107606,VASCO DA GAMA
0107607,MANGUEIRA
0107608,BENFICA
0107609,IMPERIAL DE SAO CRISTOVAO
0107610,BENFICA
0123601,SANTA TERESA - MORRO DOS PRAZERES
0123603,SANTA TERESA
01004,SANTA TERESA
01005,RIO COMPRIDO
01006,BENFICA
01007,CATUMBI
01009,SANTO CRISTO
01010,IMPERIAL DE SAO CRISTOVAO
01011,PRACA DA BANDEIRA
0101801,CAJU
0101802,SANTO CRISTO
0101803,GAMBOA
0102802,CENTRO
0102803,PRACA ONZE
0103801,RIO COMPRIDO
0103802,CATUMBI
0103804,RIO COMPRIDO
0103805,ESTACIO
0103806,ESTACIO
0103807,CATUMBI
0107801,VASCO DA GAMA
0107802,IMPERIAL DE SAO CRISTOVAO
0107803,IMPERIAL DE SAO CRISTOVAO
0123801,SANTA TERESA
0101001,PRACA MAUA
0101003,SAUDE
0101004,SANTO CRISTO
0101005,SANTO CRISTO
0101006,SANTO CRISTO
0101007,CAJU
0101008,CAJU
0101009,CAJU
0101011,CAJU
0101012,CAJU
0102001,CENTRO
0102002,CENTRO
0102004,CENTRO
0102005,CIDADE NOVA
0102006,BAIRRO DE FATIMA
0102007,CIDADE NOVA
0102501,PRACA ONZE
0103001,CATUMBI
0103003,RIO COMPRIDO
0103004,RIO COMPRIDO
0103005,RIO COMPRIDO
0103006,RIO COMPRIDO
0103501,CATUMBI
0103502,ESTACIO
0107001,IMPERIAL DE SAO CRISTOVAO
0107002,IMPERIAL DE SAO CRISTOVAO
0107003,IMPERIAL DE SAO CRISTOVAO
0107004,IMPERIAL DE SAO CRISTOVAO
0107005,VASCO DA GAMA
0107006,IMPERIAL DE SAO CRISTOVAO
0107007,MANGUEIRA
0107008,IMPERIAL DE SAO CRISTOVAO
0107009,IMPERIAL DE SAO CRISTOVAO
0107011,BENFICA
0107012,BENFICA
0107013,BENFICA
0107016,IMPERIAL DE SAO CRISTOVAO
0107017,BENFICA
0107501,IMPERIAL DE SAO CRISTOVAO
0107502,IMPERIAL DE SAO CRISTOVAO
0121001,PAQUETA
0121002,PAQUETA
0123001,SANTA TERESA
0123002,SANTA TERESA
0123003,SANTA TERESA
0123004,SANTA TERESA
1025041,CIDADE NOVA
0204501,CATETE
0204502,HUMAITA
0206501,IPANEMA
0206502,LEBLON
0208501,TIJUCA
0208502,TIJUCA
0209501,VILA ISABEL
0227501,ROCINHA
0204601,COSME VELHO
0204602,CATETE
0205601,COPACABANA
0205602,COPACABANA - MORRO DOS CABRITOS
0206601,VIDIGAL
0206602,VIDIGAL
0206603,SAO CONRADO
0206605,GAVEA
0206606,IPANEMA
0208601,TIJUCA
0208602,TIJUCA
0208603,TIJUCA
0208604,TIJUCA
0208605,TIJUCA
0208606,TIJUCA
0208607,TIJUCA - COMUNIDADE CHACRINHA
0208608,RIO COMPRIDO
0209601,VILA ISABEL
0209602,TIJUCA - ANDARAI
0209603,ANDARAI - JAMELAO
0209604,GRAJAU - MORRO NOVA DIVINEIA
0209605,ANDARAI
0209606,ANDARAI - MORRO DO ANDARAI
0209607,VILA ISABEL
0209608,VILA ISABEL
0209609,GRAJAU
0209610,VILA ISABEL
0227601,ROCINHA
0227602,ROCINHA
02001,BOREL / TIJUCA
02002,TIJUCA
02003,ROCINHA
02004,ROCINHA
02005,COPACABANA
02006,ROCINHA
02009,TIJUCA
02010,VILA ISABEL
02011,VILA ISABEL
02012,SAO CONRADO
02013,COSME VELHO
02014,COPACABANA
02015,LARANJEIRAS
02016,JARDIM BOTANICO
02018,GAVEA
02019,BOTAFOGO
02022,TURANO / RIO COMPRIDO
02024,ALTO DA BOA VISTA
02025,BOTAFOGO
02026,CATETE
02028,FLAMENGO
02029,BOTAFOGO
02031,ROCINHA
02032,GAVEA
02034,ROCINHA
02035,ROCINHA
02036,ROCINHA
02037,COPACABANA
02038,TIJUCA
02039,COPACABANA
02040,ROCINHA
02041,ROCINHA
02042,LARANJEIRAS
02043,BOREL / TIJUCA
02044,ANDARAI
02045,IPANEMA
02046,GAVEA
02047,ROCINHA
02048,VILA ISABEL
02049,LAGOA
02052,BOTAFOGO
02053,LEBLON
02054,ROCINHA
02055,COPACABANA
02056,VIDIGAL
02057,ALTO DA BOA VISTA
02058,ROCINHA
02060,ROCINHA
02061,COPACABANA
02063,GRAJAU
02064,MARACANA
0204801,BOTAFOGO
0204802,BOTAFOGO
0204803,PRAIA VERMELHA
0204804,LARANJEIRAS
0204805,BOTAFOGO
0204806,LARANJEIRAS
0205801,LEME
0205802,COPACABANA
0206801,LAGOA
0206802,JARDIM BOTANICO
0208801,ALTO BOA VISTA
0208802,TIJUCA
0208803,TIJUCA
0208804,TIJUCA
0208805,ALTO BOA VISTA
0209801,MARACANA
0209802,ANDARAI
0209803,VILA ISABEL
0209804,GRAJAU
0227801,ROCINHA
0204001,GLORIA
0204002,GLORIA
0204003,FLAMENGO
0204004,FLAMENGO
0204005,LARANJEIRAS
0204006,LARANJEIRAS
0204007,LARANJEIRAS
0204008,CATETE
0204009,COSME VELHO
0204010,BOTAFOGO
0204011,BOTAFOGO
0204012,BOTAFOGO
0204014,BOTAFOGO
0204015,BOTAFOGO
0204017,HUMAITA
0204018,URCA
0204019,URCA
0204021,LARANJEIRAS
0205001,LEME
0205003,COPACABANA
0205004,COPACABANA
0205006,COPACABANA
0205007,COPACABANA
0205008,COPACABANA
0205009,COPACABANA
0206001,IPANEMA
0206002,IPANEMA
0206003,IPANEMA
0206004,COPACABANA
0206005,GAVEA
0206006,LEBLON
0206007,LAGOA
0206008,LAGOA
0206010,JARDIM BOTANICO
0206011,JARDIM BOTANICO
0206012,JARDIM BOTANICO
0206014,JARDIM BOTANICO
0206015,GAVEA
0206016,GAVEA
0206017,GAVEA
0206018,GAVEA
0206019,GAVEA
0206020,GAVEA
0206021,VIDIGAL
0206022,SAO CONRADO
0206023,VIDIGAL
0206024,LEBLON
0208001,PRACA DA BANDEIRA
0208002,PRACA DA BANDEIRA
0208003,TIJUCA
0208004,TIJUCA
0208005,TIJUCA
0208006,TIJUCA
0208007,TIJUCA
0208008,TIJUCA
0208009,TIJUCA
0208010,TIJUCA
0208011,TIJUCA
0208012,TIJUCA
0208013,TIJUCA
0208014,TIJUCA
0208016,TIJUCA
0208017,USINA
0208018,ALTO BOA VISTA
0208020,ALTO BOA VISTA
0208021,USINA
0208022,ALTO BOA VISTA
0208023,ALTO BOA VISTA
0209001,MARACANA
0209003,MARACANA
0209004,MARACANA
0209005,VILA ISABEL
0209006,MARACANA
0209007,VILA ISABEL
0209008,VILA ISABEL
0209009,VILA ISABEL
0209010,VILA ISABEL
0209011,GRAJAU
0209012,VILA ISABEL
0209013,VILA ISABEL
0209014,VILA ISABEL
0209016,ANDARAI
0209017,ANDARAI
0209018,ANDARAI
0209019,ANDARAI
0209020,ANDARAI
0209021,ANDARAI
0209023,GRAJAU
0209024,GRAJAU
0209025,GRAJAU
0209026,GRAJAU
0227001,ROCINHA
0227002,ROCINHA
0227004,SAO CONRADO
0227005,ROCINHA
0227006,ROCINHA
0312501,DEL CASTILHO
0312502,DEL CASTILHO
0312503,INHAUMA
0313502,JACARE
0328501,JACAREZINHO
0312601,INHAUMA
0312602,ENGENHO DA RAINHA
0312603,DEL CASTILHO
0313601,PIEDADE
0313602,LINS DE VASCONCELOS
0313603,PIEDADE
0313604,ENGENHO NOVO
0313606,SAMPAIO
0313607,LINS DE VASCONCELOS
0313608,ENGENHO DE DENTRO
0313609,LINS DE VASCONCELOS
0313610,LINS DE VASCONCELOS
0313611,ENGENHO NOVO
0313612,LARGO DO JACARE
0328601,JACAREZINHO
0328602,JACAREZINHO
0328604,JACAREZINHO
0330601,COMPLEXO DO ALEMAO - RAMOS
0330602,BONSUCESSO
03001,ENGENHO DE DENTRO
03002,ROCHA
03003,MEIER
03004,CACHAMBI
03005,MEIER
03006,ENGENHO DE DENTRO
03007,LINS DE VASCONCELOS
03008,RAMOS
03009,RAMOS
03010,INHAUMA
03011,RAMOS
03012,PIEDADE
03013,CACHAMBI
03014,DEL CASTILHO
03015,ROCHA
03016,RAMOS
03017,LINS DE VASCONCELOS
03018,ENGENHO NOVO
03019,RAMOS
03020,INHAUMA
03021,JACARE
03022,PILARES
03023,ROCHA
03024,SAMPAIO
03025,ABOLICAO
03026,HIGIENOPOLIS
03027,MEIER
03028,PIEDADE
03029,ENGENHO DE DENTRO
03030,SAO FRANCISCO XAVIER
03031,MEIER
03032,PILARES
03033,LINS DE VASCONCELOS
03034,PILARES
03035,INHAUMA
03036,MARIA DA GRACA
03037,INHAUMA
03038,ENGENHO DA RAINHA
03039,BONSUCESSO
03040,ENGENHO NOVO
03041,PIEDADE
03042,INHAUMA
03043,ENCANTADO
0312801,INHAUMA
0312802,RAMOS
0312803,INHAUMA
0312804,TOMAS COELHO
0312805,BONSUCESSO - COMPLEXO DO ALEMAO
0312806,BONSUCESSO
0312807,DEL CASTILHO
0312809,BONSUCESSO
0312810,TOMAS COELHO
0312811,JACARE
0312812,ENGENHO DA RAINHA
0312813,ROCHA
0313801,TRIAGEM
0313802,PILARES
0313803,LINS DE VASCONCELOS
0313804,CACHAMBI
0313805,ENGENHO DE DENTRO
0313806,PIEDADE
0313807,ENGENHO DE DENTRO
0313808,RIACHUELO
0313809,AGUA SANTA
0313830,PIEDADE
0328801,JACAREZINHO
0329801,RAMOS
0312001,HIGIENOPOLIS
0312002,HIGIENOPOLIS
0312003,HIGIENOPOLIS
0312004,HIGIENOPOLIS
0312005,HIGIENOPOLIS
0312006,HIGIENOPOLIS
0312008,ROCHA
0312009,RIACHUELO
0312010,HIGIENOPOLIS
0312011,MARIA DA GRACA
0312012,DEL CASTILHO
0312013,DEL CASTILHO
0312014,INHAUMA
0312015,INHAUMA
0312016,INHAUMA
0312017,DEL CASTILHO
0312018,INHAUMA
0312019,INHAUMA
0312020,INHAUMA
0312021,DEL CASTILHO
0312022,INHAUMA
0312023,INHAUMA
0312024,INHAUMA
0312025,DEL CASTILHO
0312027,INHAUMA
0312029,ENGENHO DA RAINHA
0312030,ENGENHO DA RAINHA
0312031,ENGENHO DA RAINHA
0312032,ENGENHO DA RAINHA
0312033,ENGENHO DA RAINHA
0312034,ENGENHO DA RAINHA
0312035,TOMAS COELHO
0312037,BONSUCESSO
0312040,ENGENHO DA RAINHA
0312041,INHAUMA
0312043,ROCHA
0312044,ROCHA
0313001,ROCHA
0313002,ROCHA
0313003,ROCHA
0313005,SAMPAIO
0313006,JACARE
0313007,ENGENHO NOVO
0313008,ENGENHO NOVO
0313011,LINS DE VASCONCELOS
0313012,LINS DE VASCONCELOS
0313013,LINS DE VASCONCELOS
0313014,ENGENHO NOVO
0313015,MEIER
0313016,MEIER
0313017,MEIER
0313018,MEIER
0313019,LINS DE VASCONCELOS
0313020,MEIER
0313021,MEIER
0313022,MEIER
0313023,ENGENHO DE DENTRO
0313024,TODOS OS SANTOS
0313025,CACHAMBI
0313026,CACHAMBI
0313027,CACHAMBI
0313029,CACHAMBI
0313030,CACHAMBI
0313031,CACHAMBI
0313032,ENGENHO DE DENTRO
0313033,ENGENHO DE DENTRO
0313034,ENGENHO DE DENTRO
0313035,ENGENHO DE DENTRO
0313036,ENGENHO DE DENTRO
0313037,ENGENHO DE DENTRO
0313038,ENGENHO DE DENTRO
0313040,AGUA SANTA
0313041,ENCANTADO
0313042,ENCANTADO
0313043,ABOLICAO
0313044,PIEDADE
0313046,PIEDADE
0313048,PIEDADE
0313049,AGUA SANTA
0313051,PILARES
0313052,PILARES
0313053,PILARES
0313054,PILARES
0313055,ENGENHO DE DENTRO
0313056,TRIAGEM
0313501,RIACHUELO
0313503,LINS DE VASCONCELOS
0329001,BONSUCESSO
0430701,BONSUCESSO
0410202,BONSUCESSO
0410501,MANGUINHOS
0410502,OLARIA
0411202,PENHA
0411502,PENHA
0430201,BONSUCESSO
0430204,BONSUCESSO
0430206,BONSUCESSO
0430501,BONSUCESSO
0430502,BONSUCESSO
0430503,RAMOS
0431501,VIGARIO GERAL
0431502,JARDIM AMERICA
0410601,MANGUINHOS
0410602,BONSUCESSO
0410603,BENFICA
0411601,PENHA
0411602,PENHA
0411603,PRACA DO CARMO/PENHA
0411604,PENHA
0411605,PENHA
0411607,VILA DA PENHA
0411609,PENHA
0411610,PENHA
0430601,BONSUCESSO
0430602,BONSUCESSO
0430603,BONSUCESSO
0430604,BONSUCESSO
0430605,BONSUCESSO
0430607,BONSUCESSO
0431601,CORDOVIL
0431602,JARDIM AMERICA
0431603,CORDOVIL
0431604,VIGARIO GERAL
0431605,JARDIM AMERICA
0431606,JARDIM AMERICA
0431607,VIGARIO GERAL
0431608,PARADA DE LUCAS
04001,BONSUCESSO
04002,VILA DA PENHA
04003,PARADA DE LUCAS
04004,PENHA
04005,CORDOVIL
04006,BONSUCESSO
04007,RAMOS
04008,PENHA
04009,MANGUINHOS
04010,BONSUCESSO
04011,PENHA
04012,BONSUCESSO
04013,RAMOS
04014,BRAZ DE PINA
04015,MANGUINHOS
04016,MANGUINHOS
04017,PENHA
04018,BONSUCESSO
04020,RAMOS
04021,PENHA CIRCULAR
04022,PENHA
04023,BONSUCESSO
04024,OLARIA
04025,CORDOVIL
04026,PARADA DE LUCAS
04027,VIGARIO GERAL
04028,RAMOS
04029,OLARIA
04030,RAMOS
04032,VILA DA PENHA
04034,VILA DA PENHA
04035,BONSUCESSO
04036,BRAZ DE PINA
04037,RAMOS
04038,CORDOVIL
04039,PENHA CIRCULAR
04040,JARDIM AMERICA
04041,BONSUCESSO
04042,BRAZ DE PINA
04043,OLARIA
04044,BONSUCESSO
04045,PARADA DE LUCAS
04046,RAMOS
04047,OLARIA
04048,RAMOS
04049,MARE
04050,RAMOS
04051,MARE
04052,PENHA CIRCULAR
04053,MARE
04054,MARE
04055,JARDIM AMERICA
0410801,MANGUINHOS
0410802,MANGUINHOS - BONSUCESSO
0410803,BONSUCESSO
0410804,OLARIA
0410805,OLARIA
0410806,RAMOS
0410807,OLARIA
0410808,OLARIA
0410810,OLARIA
0410811,OLARIA
0410812,OLARIA
0411801,PENHA CIRCULAR
0411802,PENHA
0411803,PENHA
0411804,VILA DA PENHA
0411805,PENHA CIRCULAR
0411806,BRAZ DE PINA
0411808,PENHA CIRCULAR
0411809,PENHA
0430801,BONSUCESSO
0430802,BONSUCESSO (MARE)
0430803,BONSUCESSO (MARE)
0430804,BONSUCESSO
0430805,BONSUCESSO
0430806,BONSUCESSO
0430807,BONSUCESSO (MARE)
0430808,BONSUCESSO (MARE)
0430809,MARE
0430810,MARE
0430811,MARE
0430812,MARE
0430813,RAMOS
0430814,MARE
0430815,BONSUCESSO
0431801,CORDOVIL
0431802,JARDIM AMERICA
0431803,CORDOVIL
0431804,VIGARIO GERAL
0431805,JARDIM AMERICA
0410001,MANGUINHOS
0410002,MANGUINHOS
0410003,BONSUCESSO
0410004,BONSUCESSO
0410005,RAMOS
0410006,RAMOS
0410007,RAMOS
0410008,RAMOS
0410009,BONSUCESSO
0410010,RAMOS
0410011,RAMOS
0410012,RAMOS
0410013,BONSUCESSO
0410015,OLARIA
0410016,OLARIA
0410018,OLARIA
0410020,OLARIA
0410021,OLARIA
0410022,OLARIA
0410023,OLARIA
0410025,OLARIA
0410026,MANGUINHOS
0411001,PENHA
0411002,PENHA
0411004,PENHA
0411005,PENHA
0411006,PENHA
0411007,PENHA
0411008,PENHA CIRCULAR
0411009,PENHA
0411010,PENHA CIRCULAR
0411011,PENHA CIRCULAR
0411012,BRAZ DE PINA
0411013,BRAZ DE PINA
0411014,PENHA CIRCULAR
0411015,PENHA CIRCULAR
0411017,PENHA CIRCULAR
0411018,VILA DA PENHA
0411020,VILA DA PENHA
0411021,VILA DA PENHA
0411022,BRAZ DE PINA
0411023,BRAZ DE PINA
0411028,BRAZ DE PINA
0411036,BRAZ DE PINA
0411049,PENHA CIRCULAR
0430001,VILA DO JOAO / MARE
0430002,MANGUINHOS
0430003,BONSUCESSO
0430004,BONSUCESSO
0430005,RAMOS
0430007,BONSUCESSO (MARE)
0430009,BONSUCESSO
0430010,BONSUCESSO (MARE)
0430011,BONSUCESSO (MARE)
0430012,BONSUCESSO (MARE)
0430013,BONSUCESSO (MARE)
0430014,BONSUCESSO (MARE)
0430015,BONSUCESSO (MARE)
0430016,BONSUCESSO (MARE)
0430018,MARE
0430019,MARE
0430020,MARE
0431001,CORDOVIL
0431002,CORDOVIL
0431003,CORDOVIL
0431004,CORDOVIL
0431006,CORDOVIL
0431007,CORDOVIL
0431008,CORDOVIL
0431009,CORDOVIL
0431010,CORDOVIL
0431011,CORDOVIL
0431013,CORDOVIL
0431014,CORDOVIL
0431015,PARADA DE LUCAS
0431016,PARADA DE LUCAS
0431017,PARADA DE LUCAS
0431018,VIGARIO GERAL
0431019,VIGARIO GERAL
0431021,VIGARIO GERAL
0431022,VIGARIO GERAL
0431023,JARDIM AMERICA
0431024,JARDIM AMERICA
0431026,JARDIM AMERICA
0431027,JARDIM AMERICA
0514501,IRAJA
0515501,MARECHAL HERMES
0515502,CASCADURA
0515503,CASCADURA
0515701,MARECHAL HERMES
0514601,VILA KOSMOS
0514602,IRAJA
0514603,IRAJA
0514604,IRAJA
0514605,COLEGIO
0514606,VICENTE DE CARVALHO
0514607,VICENTE DE CARVALHO
0514608,VICENTE DE CARVALHO
0514609,IRAJA
0515601,ROCHA MIRANDA
0515602,MADUREIRA
0515604,CASCADURA
0515605,ROCHA MIRANDA
0515606,CAMPINHO
0515607,MARECHAL HERMES
0515608,VAZ LOBO
0515610,HONORIO GURGEL
0515611,MADUREIRA
0515612,MADUREIRA
0515613,CAVALCANTE
05001,ROCHA MIRANDA
05003,QUINTINO BOCAIUVA
05004,VISTA ALEGRE
05005,CAVALCANTI
05006,CAMPINHO
05007,MARECHAL HERMES
05008,VILA COSMOS
05010,IRAJA
05012,VILA DA PENHA
05013,BENTO RIBEIRO
05014,MARECHAL HERMES
05015,ROCHA MIRANDA
05016,ROCHA MIRANDA
05018,COLEGIO
05019,CAVALCANTI
05020,MADUREIRA
0514801,IRAJA
0514802,IRAJA
0514803,COLEGIO
0514804,VILA KOSMOS
0515801,HONORIO GURGEL
0515802,ROCHA MIRANDA
0515803,ROCHA MIRANDA
0515804,MARECHAL HERMES
0515805,QUINTINO BOCAIUVA
0515807,MADUREIRA
0515808,MADUREIRA
0515809,MARECHAL HERMES
0515810,CASCADURA
0514001,VILA KOSMOS
0514002,VILA KOSMOS
0514003,VILA KOSMOS
0514004,VICENTE DE CARVALHO
0514005,VICENTE DE CARVALHO
0514006,VILA DA PENHA
0514007,VILA DA PENHA
0514008,VISTA ALEGRE
0514009,IRAJA
0514010,IRAJA
0514011,IRAJA
0514012,IRAJA
0514013,IRAJA
0514015,IRAJA
0514016,IRAJA
0514017,IRAJA
0514018,IRAJA
0514019,IRAJA
0514020,IRAJA
0514021,IRAJA
0514022,IRAJA
0514023,IRAJA
0514024,IRAJA
0514025,IRAJA
0514026,IRAJA
0514027,IRAJA
0514028,IRAJA
0514029,IRAJA
0514030,IRAJA
0514031,IRAJA
0514032,COLEGIO
0514033,COLEGIO
0514035,COLEGIO
0515001,ROCHA MIRANDA
0515002,ROCHA MIRANDA
0515003,ROCHA MIRANDA
0515004,COLEGIO
0515005,ROCHA MIRANDA
0515007,ROCHA MIRANDA
0515009,ROCHA MIRANDA
0515010,ROCHA MIRANDA
0515011,ROCHA MIRANDA
0515012,HONORIO GURGEL
0515013,HONORIO GURGEL
0515014,HONORIO GURGEL
0515015,OSVALDO CRUZ
0515016,OSVALDO CRUZ
0515017,OSVALDO CRUZ
0515018,OSVALDO CRUZ
0515019,OSVALDO CRUZ
0515020,OSVALDO CRUZ
0515021,OSVALDO CRUZ
0515022,OSVALDO CRUZ
0515023,BENTO RIBEIRO
0515024,BENTO RIBEIRO
0515025,BENTO RIBEIRO
0515026,MARECHAL HERMES
0515027,MARECHAL HERMES
0515028,MARECHAL HERMES
0515029,MARECHAL HERMES
0515030,MARECHAL HERMES
0515032,MARECHAL HERMES
0515033,MARECHAL HERMES
0515034,MARECHAL HERMES
0515035,CAMPINHO
0515037,QUINTINO BOCAIUVA
0515038,QUINTINO BOCAIUVA
0515039,QUINTINO BOCAIUVA
0515040,QUINTINO BOCAIUVA
0515041,QUINTINO BOCAIUVA
0515042,QUINTINO BOCAIUVA
0515043,CAVALCANTE
0515044,CAVALCANTE
0515045,CAVALCANTE
0515046,CAVALCANTE
0515047,CAVALCANTE
0515048,CAVALCANTE
0515049,CASCADURA
0515050,CASCADURA
0515051,CASCADURA
0515052,CASCADURA
0515053,CASCADURA
0515054,MADUREIRA
0515055,MADUREIRA
0515056,MADUREIRA
0515057,MADUREIRA
0515058,MADUREIRA
0515059,MADUREIRA
0515060,VAZ LOBO
0515061,TURIACU
0515062,TURIACU
0515063,TURIACU
0515064,MADUREIRA
0625701,ACARI
0622201,PARQUE ANCHIETA
0622202,ANCHIETA
0622203,PARQUE ANCHIETA
0622204,GUADALUPE
0625204,BARROS FILHO
0625205,ACARI
0625206,COSTA BARROS
0625501,IRAJA
0625502,COELHO NETO
0625503,PAVUNA
0622601,ANCHIETA
0622602,JARDIM CRISTINA CAPRI - ANCHIETA
0622603,ANCHIETA
0625601,PAVUNA
0625602,COSTA BARROS
0625603,COSTA BARROS
0625604,COELHO NETO
0625605,CAMINHO DO JOB - PAVUNA
0625606,COSTA BARROS
0625607,COSTA BARROS
0625608,CONJ. HAB. AMARELINHO - IRAJA
0625609,PAVUNA
0625610,COELHO NETO
0625611,ACARI
0625612,ACARI
0625614,COSTA BARROS
0625615,ACARI
0625616,ACARI
06001,ANCHIETA
06002,GUADALUPE
06003,ANCHIETA
06004,ACARI
06005,ANCHIETA
06006,ACARI
06007,ACARI
06009,ANCHIETA
06012,GUADALUPE
06013,PARQUE ANCHIETA
06015,PAVUNA
06016,RICARDO DE ALBUQUERQUE
06017,GUADALUPE
06019,COELHO NETO
06020,GUADALUPE
06021,GUADALUPE
0622801,GUADALUPE
0622802,GUADALUPE
0622804,RICARDO DE ALBUQUERQUE
0622805,ANCHIETA
0625801,BARROS FILHO
0625802,COSTA BARROS
0625803,COSTA BARROS
0625804,COSTA BARROS
0625805,COELHO NETO
0625806,COELHO NETO
0625807,COSTA BARROS
0625808,PAVUNA
0625809,PAVUNA
0625810,PAVUNA
0625811,COELHO NETO
0625812,IRAJA
0625813,PAVUNA
0625814,BARROS FILHO
0625815,ACARI
0625816,PAVUNA
0625817,PAVUNA
0625818,PAVUNA
0625819,PAVUNA
0625820,PAVUNA
0622001,PARQUE ANCHIETA
0622002,ANCHIETA
0622004,ANCHIETA
0622005,ANCHIETA
0622006,PARQUE ANCHIETA
0622007,RICARDO DE ALBUQUERQUE
0622008,RICARDO DE ALBUQUERQUE
0622009,RICARDO DE ALBUQUERQUE
0622011,RICARDO DE ALBUQUERQUE
0622012,GUADALUPE
0622014,GUADALUPE
0622016,GUADALUPE
0622017,GUADALUPE
0622018,GUADALUPE
0622019,GUADALUPE
0622020,GUADALUPE
0622021,GUADALUPE
0622022,GUADALUPE
0622023,GUADALUPE
0622024,ANCHIETA
0622025,ANCHIETA
0622026,ANCHIETA
0622027,ANCHIETA
0622809,RICARDO DE ALBUQUERQUE
0622810,GUADALUPE
0622811,ANCHIETA
0625001,COELHO NETO
0625003,COELHO NETO
0625004,COELHO NETO
0625005,COELHO NETO
0625006,ACARI
0625008,COELHO NETO
0625009,IRAJA
0625011,COSTA BARROS
0625013,COSTA BARROS
0625014,PAVUNA
0625015,PAVUNA
0625016,ANCHIETA
0625017,PAVUNA
0625018,PAVUNA
0625019,PAVUNA
0625020,PAVUNA
0625021,PAVUNA
0625022,PAVUNA
0625023,ACARI
0625024,PAVUNA
0625025,PAVUNA
0625026,PAVUNA
0625027,PAVUNA
0625028,PAVUNA
0625029,PAVUNA
0625030,PAVUNA
0625031,PAVUNA
0625032,PAVUNA
0625033,PAVUNA
0625034,PAVUNA
0625035,PAVUNA
0625041,ACARI
0625042,BARROS FILHO
0716203,RIO DAS PEDRAS
0716204,RIO DAS PEDRAS
0716205,CURICICA
0716207,TAQUARA
0716210,CURICICA
0716211,TAQUARA
0716501,PRACA SECA
0716502,VILA VALQUEIRE
0716503,PRACA SECA
0724502,RECREIO DOS BANDEIRANTES
0734501,CIDADE DE DEUS
0734502,CIDADE DE DEUS
0716601,JACAREPAGUA
0716602,TAQUARA
0716603,JACAREPAGUA
0716604,JACAREPAGUA
0716605,JACAREPAGUA
0716606,JACAREPAGUA
0716607,PRACA SECA
0716608,PRACA SECA
0716609,FREGUESIA (JACAREPAGUA)
0716610,TAQUARA
0716611,VILA VALQUEIRE
0716612,JACAREPAGUA - TAQUARA
0716613,JACAREPAGUA
0716614,CURICICA
0724601,RECREIO DOS BANDEIRANTES
0724602,ITANHANGA
0724603,BARRA DA TIJUCA
0724604,ITANHANGA
0724605,VARGEM GRANDE
0724606,VARGEM PEQUENA
0734601,CIDADE DE DEUS
0734602,CIDADE DE DEUS
0734603,CIDADE DE DEUS
07001,VARGEM PEQUENA
07002,VARGEM GRANDE
07003,TAQUARA / JACAREPAGUA
07004,FREGUESIA / JACAREPAGUA
07007,FREGUESIA / JACAREPAGUA
07008,MATO ALTO / JACAREPAGUA
07010,FREGUESIA / JACAREPAGUA
07011,RECREIO DOS BANDEIRANTES
07013,CIDADE DE DEUS / JACAREPAGUA
07014,CIDADE DE DEUS / JACAREPAGUA
07015,VARGEM GRANDE
07017,RECREIO DOS BANDEIRANTES
07018,JACAREPAGUA
07019,JACAREPAGUA
07020,JACAREPAGUA
07025,CIDADE DE DEUS / JACAREPAGUA
07027,ITANHANGA
07034,JACAREPAGUA
07035,JACAREPAGUA
07036,FREGUESIA / JACAREPAGUA
07037,FREGUESIA / JACAREPAGUA
07038,VILA VALQUEIRE
07039,ANIL
07040,JACAREPAGUA
07041,TAQUARA / JACAREPAGUA
07042,JACAREPAGUA
07043,VARGEM PEQUENA
07044,RECREIO DOS BANDEIRANTES
07045,GARDENIA AZUL
07047,JACAREPAGUA
07048,CIDADE DE DEUS / JACAREPAGUA
07049,JACAREPAGUA
07050,VARGEM GRANDE
0716801,JACAREPAGUA
0716802,CURICICA
0716803,ANIL
0716804,CURICICA
0716805,JACAREPAGUA
0716806,TAQUARA
0716807,CURICICA
0716808,GARDENIA AZUL
0716809,PRACA SECA
0716810,JACAREPAGUA
0716811,TAQUARA
0716812,RIO DAS PEDRAS
0716813,CAMORIM- JACAREPAGUA
0716814,RIO DAS PEDRAS
0716815,PRACA SECA
0716816,VILA VALQUEIRE
0716818,GARDENIA AZUL
0716819,ANIL
0716820,CURICICA
0716821,TAQUARA
0716822,ANIL
0716823,CURICICA
0716824,CURICICA
0724801,RECREIO
0724802,VARGEM GRANDE
0724803,RECREIO DOS BANDEIRANTES
0724804,ITANHANGA
0724805,BARRA DA TIJUCA
0724806,RECREIO DOS BANDEIRANTES
0724807,BARRA DA TIJUCA
0724808,RECREIO DOS BANDEIRANTES
0724809,VARGEM PEQUENA
0734801,CIDADE DE DEUS
0734802,JACAREPAGUA
0734803,CIDADE DE DEUS
0734804,CIDADE DE DEUS
0734805,CIDADE DE DEUS
0716001,JACAREPAGUA
0716002,JACAREPAGUA
0716003,CURICICA
0716004,TAQUARA
0716005,JACAREPAGUA
0716006,CAMORIM
0716007,JACAREPAGUA
0716008,JACAREPAGUA
0716009,JACAREPAGUA
0716010,ANIL
0716011,ANIL
0716012,ANIL
0716013,ANIL
0716014,GARDENIA AZUL
0716025,FREGUESIA (JACAREPAGUA)
0716026,FREGUESIA (JACAREPAGUA)
0716027,FREGUESIA (JACAREPAGUA)
0716028,FREGUESIA (JACAREPAGUA)
0716029,PECHINCHA
0716030,PECHINCHA
0716031,PECHINCHA
0716032,FREGUESIA (JACAREPAGUA)
0716033,RIO DAS PEDRAS
0716034,CURICICA
0716035,CURICICA
0716036,CURICICA
0716037,TAQUARA
0716038,TAQUARA
0716039,TAQUARA
0716040,TAQUARA
0716041,TAQUARA
0716042,TAQUARA
0716043,TAQUARA
0716044,TAQUARA
0716045,TAQUARA
0716046,TAQUARA
0716047,TAQUARA
0716048,TAQUARA
0716049,TAQUARA
0716051,TAQUARA
0716052,TAQUARA
0716053,TAQUARA
0716054,TANQUE
0716055,TANQUE
0716056,TANQUE
0716057,TANQUE
0716059,PRACA SECA
0716060,PRACA SECA
0716061,PRACA SECA
0716062,PRACA SECA
0716063,PRACA SECA
0716065,VILA VALQUEIRE
0716066,VILA VALQUEIRE
0716067,VILA VALQUEIRE
0716068,VILA VALQUEIRE
0716069,ANIL
0716070,PRACA SECA
0716071,ANIL
0716072,CURICICA
0716073,JACAREPAGUA
0716075,RIO DAS PEDRAS - JACAREPAGUA
0716076,ANIL -JACAREPAGUA
0716077,RIO DAS PEDRAS
0716078,PRACA SECA
0716079,GARDENIA AZUL
0716080,ANIL
0716081,ANIL
0716082,CURICICA
0716083,RIO DAS PEDRAS
0716084,RIO DAS PEDRAS
0716086,RIO DAS PEDRAS
0724001,ITANHANGA
0724002,BARRA DA TIJUCA
0724003,BARRA DA TIJUCA
0724004,BARRA DA TIJUCA
0724005,BARRA DA TIJUCA
0724006,BARRA DA TIJUCA
0724007,BARRA DA TIJUCA
0724008,BARRA DA TIJUCA
0724009,BARRA DA TIJUCA
0724010,BARRA DA TIJUCA
0724011,BARRA DA TIJUCA
0724013,BARRA DA TIJUCA
0724014,BARRA DA TIJUCA
0724015,BARRA DA TIJUCA
0724016,CURICICA
0724017,VARGEM PEQUENA
0724018,VARGEM PEQUENA
0724019,VARGEM PEQUENA
0724020,VARGEM GRANDE
0724021,VARGEM GRANDE
0724022,VARGEM GRANDE
0724023,RECREIO DOS BANDEIRANTES
0724024,RECREIO DOS BANDEIRANTES
0724026,VARGEM PEQUENA
0724027,BARRA DA TIJUCA
0724028,RECREIO DOS BANDEIRANTES
0724030,BARRA DA TIJUCA
0724501,BARRA DA TIJUCA
0734001,CIDADE DE DEUS
0734002,CIDADE DE DEUS
0734003,CIDADE DE DEUS
0734005,CIDADE DE DEUS
0734006,CIDADE DE DEUS
0734007,CIDADE DE DEUS
0734008,CIDADE DE DEUS
0734009,CIDADE DE DEUS
0734010,CIDADE DE DEUS
0817202,BANGU
0817207,BANGU
0817501,SENADOR CAMARA
0817502,BANGU
0817503,PADRE MIGUEL
0817504,SENADOR CAMARA
0817505,BANGU
0817506,BANGU
0817507,PADRE MIGUEL
0817508,PADRE MIGUEL
0817509,BANGU
0833201,REALENGO
0833502,REALENGO
0833503,REALENGO
0833504,REALENGO
0833505,SULACAP
0817601,SENADOR CAMARA
0817602,VILA KENNEDY
0817603,BANGU
0817604,BANGU
0817605,BANGU
0817606,PADRE MIGUEL
0817607,BANGU
0817608,BANGU
0817609,PADRE MIGUEL
0817610,SENADOR CAMARA
0817611,PADRE MIGUEL
0817612,BANGU
0817613,PADRE MIGUEL
0817614,SENADOR CAMARA
0817615,BANGU
0817616,BANGU
0817617,BANGU
0817618,SANTISSIMO
0817619,BANGU
0833601,REALENGO
0833602,REALENGO
0833603,DEODORO
08002,REALENGO
08003,JABOUR
08004,VILA KENNEDY
08005,REALENGO
08006,MAGALHAES BASTOS
08007,BANGU
08008,REALENGO
08009,SENADOR CAMARA
08010,REALENGO
08011,REALENGO
08013,REALENGO
08014,BANGU
08016,REALENGO
08018,SENADOR CAMARA
08019,REALENGO
08021,PADRE MIGUEL
08023,VILA KENNEDY
08025,JARDIM SULACAP
08027,BANGU
08028,REALENGO
08029,REALENGO
08030,SENADOR CAMARA
08031,SENADOR CAMARA
08032,BANGU
08033,MAGALHAES BASTOS
08034,SENADOR CAMARA
0817801,BANGU
0817802,BANGU
0817803,SENADOR CAMARA
0817804,PADRE MIGUEL
0817805,BANGU
0817806,BANGU
0817807,BANGU
0817808,SENADOR CAMARA
0817809,BANGU
0817810,PADRE MIGUEL
0817811,BANGU
0817812,SENADOR CAMARA
0817813,BANGU
0817814,BANGU
0817815,BANGU
0817816,PADRE MIGUEL
0833801,REALENGO
0833802,REALENGO
0833803,VILA MILITAR
0833804,REALENGO
0833805,DEODORO
0833806,REALENGO
0833807,REALENGO
0833808,REALENGO
0833809,REALENGO
0833810,REALENGO
0833811,MAGALHAES BASTOS
0833812,DEODORO
0833813,MAGALHAES BASTOS
0833814,REALENGO
0833815,REALENGO
0817008,PADRE MIGUEL
0817009,PADRE MIGUEL
0817010,PADRE MIGUEL
0817011,PADRE MIGUEL
0817012,BANGU
0817013,BANGU
0817014,BANGU
0817015,BANGU
0817016,BANGU
0817017,BANGU
0817018,BANGU
0817019,BANGU
0817020,BANGU
0817021,BANGU
0817022,BANGU
0817023,BANGU
0817024,BANGU
0817026,BANGU
0817027,BANGU
0817028,BANGU
0817029,SENADOR CAMARA
0817030,SENADOR CAMARA
0817031,SENADOR CAMARA
0817032,SENADOR CAMARA
0817033,SENADOR CAMARA
0817034,JABOUR
0817035,SENADOR CAMARA
0817036,SANTISSIMO
0817037,SENADOR CAMARA
0817038,JABOUR
0817039,SENADOR CAMARA
0817040,SENADOR CAMARA
0817041,JABOUR
0817042,SENADOR CAMARA
0817043,SANTISSIMO
0817044,SANTISSIMO
0817045,SENADOR CAMARA
0817046,SENADOR CAMARA
0817047,PADRE MIGUEL
0817048,PADRE MIGUEL
0817049,PADRE MIGUEL
0817050,PADRE MIGUEL
0817051,PADRE MIGUEL
0817052,PADRE MIGUEL
0817054,PADRE MIGUEL
0817055,PADRE MIGUEL
0817056,BANGU
0817057,BANGU
0817058,BANGU
0817059,BANGU
0817060,VILA KENNEDY
0817061,VILA KENNEDY
0817062,PADRE MIGUEL
0817063,BANGU
0817064,BANGU
0817065,PADRE MIGUEL
0817066,BANGU
0817067,VILA KENNEDY
0817068,PADRE MIGUEL
0817069,BANGU
0817070,G. DA SILVEIRA
0817071,BANGU
0817072,BANGU
0817074,BANGU
0817075,PADRE MIGUEL
0817076,BANGU
0817077,BANGU
0817078,BANGU
0817079,BANGU
0817080,BANGU
0817081,BANGU
0817082,BANGU
0817083,BANGU
0817084,BANGU
0817127,BANGU
0817128,BANGU
0817132,BANGU
0817133,SENADOR CAMARA
0833001,GUADALUPE
0833002,DEODORO
0833004,DEODORO
0833005,DEODORO
0833006,DEODORO
0833007,VILA MILITAR
0833009,SULACAP
0833010,SULACAP
0833011,SULACAP
0833012,MAGALHAES BASTOS
0833013,MAGALHAES BASTOS
0833014,MAGALHAES BASTOS
0833015,MAGALHAES BASTOS
0833016,MAGALHAES BASTOS
0833017,MAGALHAES BASTOS
0833018,SULACAP
0833019,MAGALHAES BASTOS
0833020,REALENGO
0833021,REALENGO
0833022,REALENGO
0833023,REALENGO
0833024,REALENGO
0833025,REALENGO
0833026,REALENGO
0833027,REALENGO
0833028,REALENGO
0833029,REALENGO
0833030,REALENGO
0833031,REALENGO
0833032,REALENGO
0833033,REALENGO
0833034,REALENGO
0833035,REALENGO
0833036,REALENGO
0833037,REALENGO
0833038,REALENGO
0833039,REALENGO
0833040,REALENGO
0833041,REALENGO
0833042,REALENGO
0833043,REALENGO
0833044,REALENGO
0833045,REALENGO
0833046,REALENGO
0833048,REALENGO
0833501,DEODORO
0918201,INHOAIBA
0918203,CAMPO GRANDE
0918205,COSMOS
0918503,CAMPO GRANDE
0918504,CAMPO GRANDE
0918505,CAMPO GRANDE
0918506,CAMPO GRANDE/BENJAMIN DUMONT
0918507,CAMPO GRANDE
0918508,CAMPO GRANDE/CENTRO
0918509,CAMPO GRANDE
0918510,CAMPO GRANDE
0918511,SANTISSIMO
0918601,INHOAIBA
0918602,INHOAIBA
0918603,COSMOS
0918604,CAMPO GRANDE
0918605,INHOAIBA
0918606,CAMPO GRANDE
0918607,CAMPO GRANDE
0918608,CAMPO GRANDE
0918609,INHOAIBA - CAMPO GRANDE
0918610,COSMOS
0918611,CAMPO GRANDE
0918613,SANTISSIMO
0918614,CAMPO GRANDE
0918615,INHOAIBA
0918616,CAMPO GRANDE
0918617,INHOAIBA
0918618,COSMOS
0918619,CAMPO GRANDE
0918620,CAMPO GRANDE
0918621,CAMPO GRANDE
09001,CAMPO GRANDE
09002,CAMPO GRANDE
09003,CAMPO GRANDE
09004,CAMPO GRANDE
09007,CAMPO GRANDE
09008,CAMPO GRANDE
09009,CAMPO GRANDE
09010,CAMPO GRANDE
09011,CAMPO GRANDE
09012,CAMPO GRANDE
09013,SANTISSIMO
09014,COSMOS
09017,CAMPO GRANDE
09018,COSMOS
09019,COSMOS
09020,CAMPO GRANDE
09021,INHOAIBA
09022,INHOAIBA
09023,COSMOS
09024,INHOAIBA
09025,CAMPO GRANDE
09026,COSMOS
09027,COSMOS
09028,CAMPO GRANDE
09029,CAMPO GRANDE
09030,CAMPO GRANDE
09031,CAMPO GRANDE
09032,CAMPO GRANDE
09033,CAMPO GRANDE
09034,CAMPO GRANDE
09035,CAMPO GRANDE
09036,SENADOR VASCONCELOS
09037,CAMPO GRANDE
09039,CAMPO GRANDE
09040,COSMOS
09041,CAMPO GRANDE
09042,CAMPO GRANDE
09043,SENADOR VASCONCELOS
09044,SENADOR VASCONCELOS
09045,CAMPO GRANDE
09046,SANTISSIMO
09047,CAMPO GRANDE
09048,SANTISSIMO
09049,CAMPO GRANDE
09050,CAMPO GRANDE
09051,SANTISSIMO
09052,SANTISSIMO
09054,CAMPO GRANDE
0918801,COSMOS
0918802,CAMPO GRANDE
0918803,CAMPO GRANDE
0918804,CAMPO GRANDE
0918805,CAMPO GRANDE
0918806,COSMOS
0918807,CAMPO GRANDE
0918808,CAMPO GRANDE
0918809,CAMPO GRANDE
0918810,CAMPO GRANDE
0918811,INHOAIBA
0918812,INHOAIBA
0918813,CAROBINHA -CAMPO GRANDE
0918814,CAMPO GRANDE
0918815,CAMPO GRANDE
0918816,CAMPO GRANDE
0918817,CAMPO GRANDE
0918818,INHOAIBA
0918819,CAMPO GRANDE
0918820,CAMPO GRANDE
0918821,CAMPO GRANDE
0918822,CAMPO GRANDE
0918823,CAMPO GRANDE
0918824,CAMPO GRANDE
0918825,CAMPO GRANDE
0918826,COSMOS
0918827,COSMOS
0918828,CAMPO GRANDE
0918829,INHOAIBA
0918830,CAMPO GRANDE
0918831,INHOAIBA
0918832,COSMOS
0918833,COSMOS
0918834,CAMPO GRANDE
0918835,CAMPO GRANDE
0918836,SANTISSIMO
0918837,SANTISSIMO
0918838,SENADOR VASCONCELOS
0918839,CAMPO GRANDE
0918001,INHOAIBA
0918002,INHOAIBA
0918003,INHOAIBA
0918004,INHOAIBA
0918005,INHOAIBA
0918006,INHOAIBA
0918007,COSMOS
0918008,COSMOS
0918009,COSMOS
0918010,COSMOS
0918011,COSMOS
0918012,COSMOS
0918013,CAMPO GRANDE
0918016,CAMPO GRANDE
0918017,CAMPO GRANDE
0918019,CAMPO GRANDE
0918020,CAMPO GRANDE
0918021,CAMPO GRANDE
0918022,CAMPO GRANDE
0918024,CAMPO GRANDE
0918025,CAMPO GRANDE
0918026,CAMPO GRANDE
0918027,CAMPO GRANDE
0918028,CAMPO GRANDE
0918029,CAMPO GRANDE/MONTEIRO
0918030,CAMPO GRANDE/MONTEIRO
0918031,CAMPO GRANDE/CENTRO
0918032,CAMPO GRANDE/MONTEIRO
0918033,CAMPO GRANDE/CENTRO
0918034,CAMPO GRANDE/CACHAMORRA
0918035,CAMPO GRANDE
0918036,INHOAIBA/
0918037,INHOAIBA/ DUMONT
0918038,CAMPO GRANDE/LOTEAMENTO JOARI
0918039,CAMPO GRANDE/DUMONT
0918040,CAMPO GRANDE
0918041,COSMOS/SANTA MARGARIDA
0918042,SANTISSIMO
0918043,SANTISSIMO
0918044,SANTISSIMO
0918045,CAMPO GRANDE/POSSE
0918046,SANTISSIMO
0918047,SENADOR VASCONCELOS
0918048,SENADOR VASCONCELOS
0918049,SENADOR VASCONCELOS
0918051,CAMPO GRANDE
0918052,CAMPO GRANDE
0918053,CAMPO GRANDE
0918054,CAMPO GRANDE
0918055,CAMPO GRANDE
0918056,CAMPO GRANDE
0918057,CAMPO GRANDE
0918058,CAMPO GRANDE
0918059,CAMPO GRANDE
0918060,CAMPO GRANDE
0918061,CAMPO GRANDE
0918062,CAMPO GRANDE
0918064,CAMPO GRANDE
0918065,INHOAIBA
0918068,CAMPO GRANDE
0918069,CAMPO GRANDE
0918070,CAMPO GRANDE
0918071,CAMPO GRANDE
0918072,NOVA IGUACU
0918073,INHOAIBA
0918074,CAMPO GRANDE
0918075,CAMPO GRANDE
0918076,CAMPO GRANDE
0918077,CAMPO GRANDE
0918078,CAMPO GRANDE
0918079,CAMPO GRANDE
0918080,CAMPO GRANDE
0918081,CAMPO GRANDE
0918082,CAMPO GRANDE
0918083,CAMPO GRANDE
0918084,CAMPO GRANDE
0918085,SANTISSIMO
0918086,CAMPO GRANDE
0918087,CAMPO GRANDE
0918088,COSMOS
0918094,COSMOS
0918095,INHOAIBA
0918096,COSMOS
0918097,INHOAIBA
0918098,COSMOS
0918099,COSMOS
0918100,CAMPO GRANDE
0918101,CAMPO GRANDE
0918102,COSMOS
0918103,INHOAIBA
0918104,CAMPO GRANDE
0918105,SANTISSIMO
0918501,CAMPO GRANDE
0918502,CAMPO GRANDE
1019201,SEPETIBA
1019202,SANTA CRUZ
1019205,PACIENCIA
1019206,SANTA CRUZ
1019207,SEPETIBA
1019209,SANTA CRUZ
1019210,SANTA CRUZ
1019211,SANTA CRUZ
1019501,SANTA CRUZ
1019502,SANTA CRUZ
1019503,PACIENCIA
1026201,PEDRA DE GUARATIBA
1026202,PEDRA DE GUARATIBA
1019601,SANTA CRUZ
1019602,SANTA CRUZ
1019603,"JARDIM DOS VIEIRAS, PACIENCIA"
1019604,SANTA CRUZ
1019605,SANTA CRUZ
1019606,PACIENCIA
1019607,PACIENCIA
1019608,SANTA CRUZ
1019609,SANTA CRUZ
1019610,SEPETIBA
1019611,SANTA CRUZ
1019612,PACIENCIA
1019613,PACIENCIA
1019614,SANTA CRUZ
1019615,SANTA CRUZ
1019616,SANTA CRUZ
1019618,SANTA CRUZ
1019619,SANTA CRUZ
1019620,SANTA CRUZ
1019621,SEPETIBA
1019622,SANTA CRUZ
1019623,PACIENCIA
1019624,SANTA CRUZ
1019625,SEPETIBA
1019626,SEPETIBA
1019627,SEPETIBA
1019628,SANTA CRUZ
1019630,SANTA CRUZ
1019631,SANTA CRUZ
1019632,PACIENCIA
1019633,SEPETIBA
1026601,GUARATIBA
1026602,PEDRA DE GUARATIBA
1026603,PEDRA DE GUARATIBA
1026604,GUARATIBA
10001,SANTA CRUZ
10004,SANTA CRUZ
10005,PEDRA DE GUARATIBA
10006,SANTA CRUZ
10008,SANTA CRUZ
10009,SEPETIBA
10010,SANTA CRUZ
10011,SANTA CRUZ
10013,SANTA CRUZ
10014,PEDRA DE GUARATIBA
10018,SEPETIBA
10019,SANTA CRUZ
10020,SANTA CRUZ
10022,PACIENCIA
10023,SANTA CRUZ
10024,SANTA CRUZ
10026,PACIENCIA
10027,SANTA CRUZ
10028,SANTA CRUZ
10029,SANTA CRUZ
10030,PEDRA DE GUARATIBA
10032,SANTA CRUZ
10033,SEPETIBA
10034,SANTA CRUZ
10035,SEPETIBA
10036,SANTA CRUZ
10037,SANTA CRUZ
10039,SANTA CRUZ
10040,SEPETIBA
10041,SANTA CRUZ
10042,SEPETIBA
10043,PACIENCIA
10044,SANTA CRUZ
10045,SANTA CRUZ
10047,SANTA CRUZ
10053,SANTA CRUZ
10054,SANTA CRUZ
10055,SEPETIBA
10056,SANTA CRUZ
10057,PACIENCIA
10058,SEPETIBA
10059,SANTA CRUZ
10060,SANTA CRUZ
10061,SANTA CRUZ
10062,GUARATIBA
10063,GUARATIBA
10064,PACIENCIA
10065,SEPETIBA
10066,SANTA CRUZ
10067,SANTA CRUZ
10068,GUARATIBA
10069,PACIENCIA
10070,SANTA CRUZ
10071,PEDRA DE GUARATIBA
10073,GUARATIBA
10074,PACIENCIA
10075,SANTA CRUZ
10076,SANTA CRUZ
10077,SANTA CRUZ
10078,SANTA CRUZ
10080,PEDRA DE GUARATIBA
10081,GUARATIBA
10082,PACIENCIA
10083,GUARATIBA
10084,GUARATIBA
10085,GUARATIBA
10086,GUARATIBA
10087,GUARATIBA
10088,GUARATIBA
10089,PEDRA DE GUARATIBA
10090,PEDRA DE GUARATIBA
10091,GUARATIBA
1019801,PACIENCIA
1019802,PACIENCIA
1019803,SANTA CRUZ
1019804,SEPETIBA
1019805,SANTA CRUZ
1019806,SANTA CRUZ
1019807,SANTA CRUZ
1019808,PACIENCIA
1019809,SANTA CRUZ
1019810,SANTA CRUZ
1019811,SANTA CRUZ
1019812,PACIENCIA
1019813,PACIENCIA
1019814,PACIENCIA
1019815,PACIENCIA
1019816,SANTA CRUZ
1019817,SANTA CRUZ
1019818,PACIENCIA
1019819,SANTA CRUZ
1019820,SEPETIBA
1019821,SANTA CRUZ
1019822,SEPETIBA
1019823,SEPETIBA
1019824,SEPETIBA
1019826,SEPETIBA
1019827,SANTA CRUZ
1019828,SANTA CRUZ
1019829,SANTA CRUZ
1019830,SANTA CRUZ
1019831,SANTA CRUZ
1026801,GUARATIBA
1026802,PEDRA DE GUARATIBA
1026803,GUARATIBA
1026804,GUARATIBA
1026805,GUARATIBA
1026806,GUARATIBA
1026807,GUARATIBA
1026809,GUARATIBA
1026810,PEDRA DE GUARATIBA
1026811,GUARATIBA
1019001,SANTA CRUZ
1019002,SANTA CRUZ
1019003,PACIENCIA
1019004,PACIENCIA
1019005,PACIENCIA
1019006,PACIENCIA
1019007,SANTA CRUZ
1019008,SANTA CRUZ
1019009,SANTA CRUZ
1019010,SANTA CRUZ
1019011,SANTA CRUZ
1019012,SANTA CRUZ
1019013,SANTA CRUZ
1019014,SANTA CRUZ
1019015,SANTA CRUZ
1019016,SANTA CRUZ
1019017,SANTA CRUZ
1019018,PACIENCIA
1019019,SANTA CRUZ
1019020,SANTA CRUZ
1019021,SANTA CRUZ
1019022,SANTA CRUZ
1019023,SANTA CRUZ
1019024,SANTA CRUZ
1019025,SEPETIBA
1019026,SEPETIBA
1019027,SEPETIBA
1019028,SANTA CRUZ
1019029,SANTA CRUZ
1019030,SANTA CRUZ
1019031,PACIENCIA
1019032,PACIENCIA
1019033,PACIENCIA
1019034,PACIENCIA
1019035,SANTA CRUZ
1019036,PACIENCIA
1019037,SANTA CRUZ
1019038,COSMOS
1019039,SANTA CRUZ
1019040,SANTA CRUZ
1019041,SANTA CRUZ
1019042,SANTA CRUZ
1019043,PACIENCIA
1019044,SANTA CRUZ
1019045,SANTA CRUZ
1019046,SANTA CRUZ
1019047,SANTA CRUZ
1019048,SANTA CRUZ
1019049,SANTA CRUZ
1019050,SANTA CRUZ
1019051,SANTA CRUZ
1019052,SANTA CRUZ
1019053,SANTA CRUZ
1019054,S. FERNANDO SANTA CRUZ
1019055,SANTA CRUZ
1019056,PACIENCIA
1019057,SANTA CRUZ
1019058,PACIENCIA
1019059,SANTA CRUZ
1019060,PACIENCIA
1019062,SANTA CRUZ
1019064,SANTA CRUZ
1019065,SANTA CRUZ
1019072,SANTA CRUZ
1019073,SANTA CRUZ
1019074,SANTA CRUZ
1019075,SANTA CRUZ
1019076,SANTA CRUZ
1019078,SEPETIBA
1019079,SEPETIBA
1019080,SEPETIBA
1019081,SEPETIBA
1019082,SEPETIBA
1019084,SANTA CRUZ
1019085,SANTA CRUZ
1019086,SANTA CRUZ
1019089,PACIENCIA
1019092,SANTA CRUZ
1026001,GUARATIBA
1026002,GUARATIBA
1026003,GUARATIBA
1026004,GUARATIBA
1026005,ILHA DE GUARATIBA
1026006,GUARATIBA
1026007,GUARATIBA
1026008,GUARATIBA
1026009,GUARATIBA
1026010,PEDRA DE GUARATIBA
1026011,BARRA DE GUARATIBA
1026012,BARRA DE GUARATIBA
1026013,BARRA DE GUARATIBA
1026014,BARRA DE GUARATIBA
1026015,PEDRA DE GUARATIBA
1026016,PEDRA DE GUARATIBA
1026017,GUARATIBA
1026018,PEDRA DE GUARATIBA
1026019,GUARATIBA
1026020,PEDRA DE GUARATIBA
1026021,PEDRA DE GUARATIBA
1026024,GUARATIBA
1026025,GUARATIBA
1026026,PEDRA DE GUARATIBA
1026027,PEDRA DE GUARATIBA
1026028,GUARATIBA
1026029,GUARATIBA
1026030,GUARATIBA
1026031,GUARATIBA
1120201,COCOTA
1120502,BANCARIOS
1120503,PORTUGUESA
1120601,ILHA DO GOVERNADOR
1120602,ILHA DO GOVERNADOR
1120603,ILHA DO GOVERNADOR
1120604,ILHA DO GOVERNADOR
1120605,ILHA DO GOVERNADOR
1120606,ILHA DO GOVERNADOR
11001,ILHA DO GOVERNADOR / PARQUE ROYAL
11003,ILHA DO GOVERNADOR / PITANGUEIRAS
11004,ILHA DO GOVERNADOR / GUARABU
11006,ILHA DO GOVERNADOR / TAUA
11007,ILHA DO GOVERNADOR
11008,ILHA DO GOVERNADOR / TAUA
11009,FREGUESIA (ILHA DO GOV.)
11011,ILHA DO GOVERNADOR
1120801,ILHA DO GOVERNADOR
1120802,BANCARIOS - ILHA DO GOVERNADOR
1120803,GALEAO
1120804,ILHA DO GOVERNADOR
1120001,ZUMBI
1120002,PITANGUEIRAS
1120003,COCOTA
1120004,BANCARIOS
1120005,BANCARIOS
1120006,FREGUESIA (JACAREPAGUA)
1120007,FREGUESIA (JACAREPAGUA)
1120008,J. GUANABARA
1120009,J. GUANABARA
1120010,J. GUANABARA
1120012,J. GUANABARA
1120013,J. CARIOCA
1120014,GUARABU
1120015,MONERO
1120016,TAUA
1120017,TAUA
1120018,TAUA
1120019,MONERO
1120020,MONERO
1120021,PORTUGUESA
1120022,PORTUGUESA
1120023,J. GUANABARA
1120024,GALEAO
1120025,ITACOLOMI
1120028,TUBIACANGA
1120029,GALEAO
1120030,C. UNIVERSITARIA
1120031,PRACA DA BANDEIRA
1120032,ILHA DO GOVERNADOR
1120501,J. GUANABARA
