unidade,g,h,ociosas
0101603,Berçário,Integral,1
0101605,Berçário,Integral,9
0101607,Berçário,Integral,7
0101802,Berçário,Integral,9
0102601,Berçário,Integral,0
0102602,Berçário,Integral,0
0102604,Berçário,Integral,0
0102605,Berçário,Integral,5
0102606,Berçário,Integral,2
0103602,Berçário,Integral,5
0103604,Berçário,Integral,1
0103605,Berçário,Integral,2
0103606,Berçário,Integral,23
0103801,Berçário,Integral,0
0103804,Berçário,Integral,3
0103805,Berçário,Integral,13
0103807,Berçário,Integral,0
0107602,Berçário,Integral,6
0107603,Berçário,Integral,2
0107604,Berçário,Integral,0
0107605,Berçário,Integral,1
0107607,Berçário,Integral,0
0107610,Berçário,Integral,0
0121001,Berçário,Integral,5
0123601,Berçário,Integral,10
0123603,Berçário,Integral,0
0204601,Berçário,Integral,14
0204602,Berçário,Integral,2
0204806,Berçário,Integral,2
0205601,Berçário,Integral,6
0205602,Berçário,Integral,15
0205801,Berçário,Integral,11
0206601,Berçário,Integral,0
0206602,Berçário,Integral,0
0206603,Berçário,Integral,3
0206605,Berçário,Integral,14
0206606,Berçário,Integral,9
0208601,Berçário,Integral,20
0208603,Berçário,Integral,0
0208604,Berçário,Integral,7
0208605,Berçário,Integral,15
0208606,Berçário,Integral,9
0208607,Berçário,Integral,3
0208608,Berçário,Integral,1
0208801,Berçário,Integral,2
0209601,Berçário,Integral,61
0209602,Berçário,Integral,14
0209603,Berçário,Integral,7
0209604,Berçário,Integral,7
0209605,Berçário,Integral,25
0209606,Berçário,Integral,7
0209607,Berçário,Integral,11
0209608,Berçário,Integral,15
0209609,Berçário,Integral,8
0209610,Berçário,Integral,2
0227801,Berçário,Integral,2
0312502,Berçário,Integral,12
0312601,Berçário,Integral,1
0312602,Berçário,Integral,0
0312603,Berçário,Integral,2
0312801,Berçário,Integral,0
0312804,Berçário,Integral,5
0312805,Berçário,Integral,0
0312806,Berçário,Integral,0
0312809,Berçário,Integral,1
0312812,Berçário,Integral,13
0312813,Berçário,Integral,6
0313601,Berçário,Integral,0
0313602,Berçário,Integral,2
0313603,Berçário,Integral,8
0313604,Berçário,Integral,0
0313606,Berçário,Integral,2
0313607,Berçário,Integral,13
0313608,Berçário,Integral,0
0313609,Berçário,Integral,4
0313610,Berçário,Integral,8
0313611,Berçário,Integral,12
0313612,Berçário,Integral,21
0313801,Berçário,Integral,1
0313802,Berçário,Integral,0
0328602,Berçário,Integral,2
0328604,Berçário,Integral,0
0328801,Berçário,Integral,6
0329801,Berçário,Integral,2
0330601,Berçário,Integral,0
0330602,Berçário,Integral,0
0410801,Berçário,Integral,6
0410802,Berçário,Integral,0
0410805,Berçário,Integral,3
0410807,Berçário,Integral,1
0410808,Berçário,Integral,0
0411601,Berçário,Integral,11
0411602,Berçário,Integral,11
0411603,Berçário,Integral,10
0411605,Berçário,Integral,12
0411801,Berçário,Integral,1
0411802,Berçário,Integral,15
0411803,Berçário,Integral,4
0430602,Berçário,Integral,0
0430603,Berçário,Integral,1
0430801,Berçário,Integral,11
0430805,Berçário,Integral,3
0430807,Berçário,Integral,1
0430809,Berçário,Integral,2
0430810,Berçário,Integral,1
0430811,Berçário,Integral,0
0430815,Berçário,Integral,1
0431602,Berçário,Integral,13
0431603,Berçário,Integral,7
0431604,Berçário,Integral,6
0431605,Berçário,Integral,3
0514602,Berçário,Integral,2
0514605,Berçário,Integral,8
0514606,Berçário,Integral,13
0514607,Berçário,Integral,30
0514608,Berçário,Integral,0
0514609,Berçário,Integral,9
0515602,Berçário,Integral,1
0515604,Berçário,Integral,2
0515605,Berçário,Integral,7
0515606,Berçário,Integral,0
0515608,Berçário,Integral,6
0515611,Berçário,Integral,5
0515612,Berçário,Integral,0
0515613,Berçário,Integral,2
0515801,Berçário,Integral,0
0515807,Berçário,Integral,2
0515808,Berçário,Integral,0
0515809,Berçário,Integral,3
0515810,Berçário,Integral,13
0622601,Berçário,Integral,2
0622602,Berçário,Integral,0
0622603,Berçário,Integral,0
0622804,Berçário,Integral,2
0622805,Berçário,Integral,4
0625601,Berçário,Integral,2
0625602,Berçário,Integral,0
0625603,Berçário,Integral,2
0625604,Berçário,Integral,0
0625605,Berçário,Integral,0
0625606,Berçário,Integral,2
0625607,Berçário,Integral,0
0625611,Berçário,Integral,0
0625612,Berçário,Integral,2
0625614,Berçário,Integral,2
0625801,Berçário,Integral,28
0625802,Berçário,Integral,2
0625803,Berçário,Integral,0
0625804,Berçário,Integral,0
0625814,Berçário,Integral,2
0625815,Berçário,Integral,2
0625816,Berçário,Integral,0
0625817,Berçário,Integral,2
0625818,Berçário,Integral,0
0625819,Berçário,Integral,0
0625820,Berçário,Integral,0
0716603,Berçário,Integral,0
0716605,Berçário,Integral,0
0716606,Berçário,Integral,0
0716607,Berçário,Integral,0
0716608,Berçário,Integral,0
0716609,Berçário,Integral,0
0716613,Berçário,Integral,0
0716614,Berçário,Integral,1
0716801,Berçário,Integral,0
0716803,Berçário,Integral,0
0716806,Berçário,Integral,1
0716807,Berçário,Integral,12
0716808,Berçário,Integral,0
0716809,Berçário,Integral,2
0716812,Berçário,Integral,1
0716813,Berçário,Integral,0
0716818,Berçário,Integral,4
0716819,Berçário,Integral,1
0716820,Berçário,Integral,1
0716821,Berçário,Integral,0
0716822,Berçário,Integral,1
0724601,Berçário,Integral,1
0724602,Berçário,Integral,32
0724605,Berçário,Integral,10
0724606,Berçário,Integral,10
0724801,Berçário,Integral,0
0724807,Berçário,Integral,0
0734802,Berçário,Integral,1
0817602,Berçário,Integral,7
0817603,Berçário,Integral,0
0817615,Berçário,Integral,1
0817804,Berçário,Integral,2
0817806,Berçário,Integral,2
0833601,Berçário,Integral,3
0833603,Berçário,Integral,0
0833801,Berçário,Integral,4
0833802,Berçário,Integral,3
0833807,Berçário,Integral,24
0833809,Berçário,Integral,2
0833810,Berçário,Integral,7
0833811,Berçário,Integral,0
0918601,Berçário,Integral,4
0918607,Berçário,Integral,0
0918613,Berçário,Integral,0
0918616,Berçário,Integral,0
0918619,Berçário,Integral,2
0918620,Berçário,Integral,2
0918621,Berçário,Integral,10
0918803,Berçário,Integral,0
0918805,Berçário,Integral,0
0918806,Berçário,Integral,5
0918807,Berçário,Integral,8
0918808,Berçário,Integral,0
0918813,Berçário,Integral,12
0918814,Berçário,Integral,2
0918815,Berçário,Integral,8
0918823,Berçário,Integral,2
0918824,Berçário,Integral,0
0918825,Berçário,Integral,0
0918826,Berçário,Integral,11
0918827,Berçário,Integral,1
0918828,Berçário,Integral,4
0918829,Berçário,Integral,0
0918831,Berçário,Integral,1
0918832,Berçário,Integral,1
0918833,Berçário,Integral,0
0918834,Berçário,Integral,15
0918835,Berçário,Integral,3
0918836,Berçário,Integral,5
0918837,Berçário,Integral,3
1019602,Berçário,Integral,0
1019609,Berçário,Integral,0
1019612,Berçário,Integral,0
1019614,Berçário,Integral,0
1019620,Berçário,Integral,9
1019623,Berçário,Integral,0
1019627,Berçário,Integral,9
1019628,Berçário,Integral,3
1019631,Berçário,Integral,0
1019632,Berçário,Integral,0
1019801,Berçário,Integral,0
1019803,Berçário,Integral,2
1019806,Berçário,Integral,0
1019809,Berçário,Integral,16
1019821,Berçário,Integral,5
1019826,Berçário,Integral,0
1019827,Berçário,Integral,0
1019828,Berçário,Integral,0
1019829,Berçário,Integral,1
1019830,Berçário,Integral,2
1019831,Berçário,Integral,0
1026802,Berçário,Integral,2
1026805,Berçário,Integral,2
1026806,Berçário,Integral,1
1026807,Berçário,Integral,0
1026809,Berçário,Integral,0
1026810,Berçário,Integral,0
1120601,Berçário,Integral,10
1120602,Berçário,Integral,9
1120603,Berçário,Integral,18
1120604,Berçário,Integral,8
1120605,Berçário,Integral,1
1120606,Berçário,Integral,0
1120801,Berçário,Integral,2
1120802,Berçário,Integral,2
1120804,Berçário,Integral,3
0101606,Berçário,Parcial,21
0101801,Berçário,Parcial,13
0103607,Berçário,Parcial,22
0103802,Berçário,Parcial,30
0107609,Berçário,Parcial,31
0625615,Berçário,Parcial,0
0817601,Berçário,Parcial,6
0817605,Berçário,Parcial,10
0817607,Berçário,Parcial,0
0817609,Berçário,Parcial,2
0817612,Berçário,Parcial,3
0817614,Berçário,Parcial,2
0817617,Berçário,Parcial,4
0817619,Berçário,Parcial,0
0817801,Berçário,Parcial,0
0817803,Berçário,Parcial,3
0817807,Berçário,Parcial,2
0817808,Berçário,Parcial,0
0817814,Berçário,Parcial,1
0817815,Berçário,Parcial,0
0833806,Berçário,Parcial,1
0833808,Berçário,Parcial,6
0918614,Berçário,Parcial,0
0918617,Berçário,Parcial,32
0918620,Berçário,Parcial,15
0918801,Berçário,Parcial,3
0918802,Berçário,Parcial,13
0918817,Berçário,Parcial,5
0918822,Berçário,Parcial,5
1026601,Berçário,Parcial,19
1026604,Berçário,Parcial,0
0101602,Maternal I,Integral,18
0101603,Maternal I,Integral,3
0101607,Maternal I,Integral,2
0101802,Maternal I,Integral,2
0102601,Maternal I,Integral,3
0102602,Maternal I,Integral,4
0102604,Maternal I,Integral,0
0102605,Maternal I,Integral,3
0102606,Maternal I,Integral,4
0103601,Maternal I,Integral,29
0103602,Maternal I,Integral,0
0103604,Maternal I,Integral,2
0103605,Maternal I,Integral,1
0103606,Maternal I,Integral,2
0103801,Maternal I,Integral,0
0103804,Maternal I,Integral,1
0103805,Maternal I,Integral,8
0103807,Maternal I,Integral,14
0107601,Maternal I,Integral,18
0107602,Maternal I,Integral,5
0107603,Maternal I,Integral,0
0107604,Maternal I,Integral,3
0107605,Maternal I,Integral,4
0107607,Maternal I,Integral,0
0107608,Maternal I,Integral,0
0107610,Maternal I,Integral,0
0121001,Maternal I,Integral,1
0123601,Maternal I,Integral,22
0123603,Maternal I,Integral,21
0204601,Maternal I,Integral,6
0204602,Maternal I,Integral,5
0204805,Maternal I,Integral,3
0204806,Maternal I,Integral,3
0205601,Maternal I,Integral,8
0205602,Maternal I,Integral,13
0205801,Maternal I,Integral,9
0206601,Maternal I,Integral,9
0206602,Maternal I,Integral,26
0206603,Maternal I,Integral,7
0206605,Maternal I,Integral,2
0206606,Maternal I,Integral,9
0208601,Maternal I,Integral,23
0208603,Maternal I,Integral,5
0208604,Maternal I,Integral,11
0208605,Maternal I,Integral,2
0208606,Maternal I,Integral,6
0208607,Maternal I,Integral,7
0208608,Maternal I,Integral,14
0208801,Maternal I,Integral,27
0208803,Maternal I,Integral,17
0209601,Maternal I,Integral,22
0209602,Maternal I,Integral,10
0209603,Maternal I,Integral,10
0209604,Maternal I,Integral,4
0209605,Maternal I,Integral,9
0209606,Maternal I,Integral,17
0209607,Maternal I,Integral,12
0209608,Maternal I,Integral,24
0209609,Maternal I,Integral,11
0209610,Maternal I,Integral,20
0209803,Maternal I,Integral,2
0227801,Maternal I,Integral,3
0312502,Maternal I,Integral,9
0312601,Maternal I,Integral,7
0312602,Maternal I,Integral,0
0312603,Maternal I,Integral,11
0312801,Maternal I,Integral,0
0312802,Maternal I,Integral,7
0312803,Maternal I,Integral,2
0312804,Maternal I,Integral,17
0312805,Maternal I,Integral,6
0312806,Maternal I,Integral,5
0312809,Maternal I,Integral,14
0312810,Maternal I,Integral,3
0312812,Maternal I,Integral,6
0312813,Maternal I,Integral,12
0313601,Maternal I,Integral,6
0313602,Maternal I,Integral,16
0313603,Maternal I,Integral,12
0313604,Maternal I,Integral,5
0313606,Maternal I,Integral,15
0313607,Maternal I,Integral,12
0313608,Maternal I,Integral,3
0313609,Maternal I,Integral,11
0313610,Maternal I,Integral,10
0313611,Maternal I,Integral,11
0313612,Maternal I,Integral,16
0313801,Maternal I,Integral,1
0313802,Maternal I,Integral,0
0313804,Maternal I,Integral,2
0313805,Maternal I,Integral,1
0313809,Maternal I,Integral,2
0328601,Maternal I,Integral,42
0328602,Maternal I,Integral,0
0328604,Maternal I,Integral,1
0328801,Maternal I,Integral,1
0329801,Maternal I,Integral,4
0330601,Maternal I,Integral,0
0330602,Maternal I,Integral,2
0410601,Maternal I,Integral,6
0410603,Maternal I,Integral,12
0410801,Maternal I,Integral,10
0410802,Maternal I,Integral,0
0410803,Maternal I,Integral,3
0410805,Maternal I,Integral,0
0410807,Maternal I,Integral,0
0410808,Maternal I,Integral,1
0411601,Maternal I,Integral,1
0411602,Maternal I,Integral,7
0411603,Maternal I,Integral,16
0411605,Maternal I,Integral,9
0411801,Maternal I,Integral,16
0411802,Maternal I,Integral,1
0411803,Maternal I,Integral,6
0430602,Maternal I,Integral,2
0430603,Maternal I,Integral,0
0430604,Maternal I,Integral,8
0430605,Maternal I,Integral,5
0430607,Maternal I,Integral,18
0430801,Maternal I,Integral,8
0430802,Maternal I,Integral,0
0430803,Maternal I,Integral,11
0430805,Maternal I,Integral,5
0430806,Maternal I,Integral,3
0430807,Maternal I,Integral,6
0430809,Maternal I,Integral,0
0430810,Maternal I,Integral,0
0430811,Maternal I,Integral,0
0430812,Maternal I,Integral,1
0430813,Maternal I,Integral,2
0430815,Maternal I,Integral,0
0431602,Maternal I,Integral,7
0431603,Maternal I,Integral,11
0431604,Maternal I,Integral,1
0431605,Maternal I,Integral,4
0431606,Maternal I,Integral,0
0431607,Maternal I,Integral,7
0431802,Maternal I,Integral,15
0514601,Maternal I,Integral,3
0514602,Maternal I,Integral,4
0514603,Maternal I,Integral,13
0514604,Maternal I,Integral,2
0514605,Maternal I,Integral,0
0514606,Maternal I,Integral,10
0514607,Maternal I,Integral,29
0514608,Maternal I,Integral,1
0514609,Maternal I,Integral,4
0514801,Maternal I,Integral,11
0515601,Maternal I,Integral,11
0515602,Maternal I,Integral,2
0515604,Maternal I,Integral,2
0515605,Maternal I,Integral,2
0515606,Maternal I,Integral,8
0515607,Maternal I,Integral,6
0515608,Maternal I,Integral,1
0515610,Maternal I,Integral,8
0515611,Maternal I,Integral,2
0515612,Maternal I,Integral,9
0515613,Maternal I,Integral,6
0515801,Maternal I,Integral,3
0515807,Maternal I,Integral,0
0515808,Maternal I,Integral,1
0515809,Maternal I,Integral,6
0515810,Maternal I,Integral,17
0622202,Maternal I,Integral,20
0622601,Maternal I,Integral,0
0622602,Maternal I,Integral,9
0622603,Maternal I,Integral,0
0622801,Maternal I,Integral,0
0622804,Maternal I,Integral,2
0622805,Maternal I,Integral,18
0625601,Maternal I,Integral,2
0625602,Maternal I,Integral,0
0625603,Maternal I,Integral,1
0625604,Maternal I,Integral,1
0625605,Maternal I,Integral,9
0625606,Maternal I,Integral,2
0625607,Maternal I,Integral,6
0625608,Maternal I,Integral,0
0625609,Maternal I,Integral,2
0625610,Maternal I,Integral,1
0625611,Maternal I,Integral,0
0625612,Maternal I,Integral,2
0625614,Maternal I,Integral,4
0625615,Maternal I,Integral,0
0625616,Maternal I,Integral,2
0625801,Maternal I,Integral,3
0625802,Maternal I,Integral,4
0625803,Maternal I,Integral,2
0625804,Maternal I,Integral,3
0625814,Maternal I,Integral,2
0625815,Maternal I,Integral,16
0625816,Maternal I,Integral,1
0625817,Maternal I,Integral,6
0625818,Maternal I,Integral,0
0625819,Maternal I,Integral,0
0625820,Maternal I,Integral,0
0716601,Maternal I,Integral,2
0716603,Maternal I,Integral,0
0716605,Maternal I,Integral,9
0716606,Maternal I,Integral,0
0716607,Maternal I,Integral,0
0716608,Maternal I,Integral,2
0716609,Maternal I,Integral,1
0716610,Maternal I,Integral,7
0716611,Maternal I,Integral,0
0716612,Maternal I,Integral,0
0716613,Maternal I,Integral,0
0716614,Maternal I,Integral,0
0716801,Maternal I,Integral,0
0716802,Maternal I,Integral,4
0716803,Maternal I,Integral,0
0716804,Maternal I,Integral,6
0716806,Maternal I,Integral,0
0716807,Maternal I,Integral,33
0716808,Maternal I,Integral,6
0716809,Maternal I,Integral,0
0716812,Maternal I,Integral,4
0716813,Maternal I,Integral,1
0716816,Maternal I,Integral,0
0716818,Maternal I,Integral,5
0716819,Maternal I,Integral,3
0716820,Maternal I,Integral,1
0716821,Maternal I,Integral,2
0716822,Maternal I,Integral,5
0716824,Maternal I,Integral,4
0724601,Maternal I,Integral,1
0724604,Maternal I,Integral,7
0724605,Maternal I,Integral,3
0724606,Maternal I,Integral,1
0724801,Maternal I,Integral,1
0724802,Maternal I,Integral,0
0724803,Maternal I,Integral,5
0724804,Maternal I,Integral,10
0724805,Maternal I,Integral,4
0724806,Maternal I,Integral,1
0724807,Maternal I,Integral,4
0724808,Maternal I,Integral,4
0724809,Maternal I,Integral,8
0734601,Maternal I,Integral,1
0734602,Maternal I,Integral,5
0734603,Maternal I,Integral,10
0734801,Maternal I,Integral,9
0734802,Maternal I,Integral,1
0734803,Maternal I,Integral,1
0734804,Maternal I,Integral,6
0734805,Maternal I,Integral,0
0817202,Maternal I,Integral,2
0817504,Maternal I,Integral,0
0817602,Maternal I,Integral,10
0817603,Maternal I,Integral,8
0817604,Maternal I,Integral,20
0817605,Maternal I,Integral,0
0817606,Maternal I,Integral,14
0817611,Maternal I,Integral,8
0817613,Maternal I,Integral,14
0817615,Maternal I,Integral,2
0817801,Maternal I,Integral,5
0817802,Maternal I,Integral,5
0817804,Maternal I,Integral,1
0817805,Maternal I,Integral,6
0817810,Maternal I,Integral,10
0833601,Maternal I,Integral,0
0833602,Maternal I,Integral,11
0833603,Maternal I,Integral,0
0833801,Maternal I,Integral,19
0833803,Maternal I,Integral,1
0833805,Maternal I,Integral,3
0833807,Maternal I,Integral,8
0833808,Maternal I,Integral,1
0833809,Maternal I,Integral,7
0833810,Maternal I,Integral,1
0833811,Maternal I,Integral,18
0918601,Maternal I,Integral,3
0918604,Maternal I,Integral,26
0918605,Maternal I,Integral,14
0918606,Maternal I,Integral,3
0918607,Maternal I,Integral,2
0918609,Maternal I,Integral,11
0918610,Maternal I,Integral,9
0918611,Maternal I,Integral,50
0918613,Maternal I,Integral,2
0918615,Maternal I,Integral,4
0918616,Maternal I,Integral,0
0918619,Maternal I,Integral,9
0918620,Maternal I,Integral,3
0918621,Maternal I,Integral,10
0918803,Maternal I,Integral,3
0918804,Maternal I,Integral,1
0918805,Maternal I,Integral,5
0918806,Maternal I,Integral,22
0918807,Maternal I,Integral,1
0918808,Maternal I,Integral,5
0918810,Maternal I,Integral,3
0918812,Maternal I,Integral,6
0918813,Maternal I,Integral,14
0918814,Maternal I,Integral,6
0918815,Maternal I,Integral,8
0918816,Maternal I,Integral,14
0918820,Maternal I,Integral,11
0918821,Maternal I,Integral,5
0918822,Maternal I,Integral,11
0918823,Maternal I,Integral,12
0918824,Maternal I,Integral,0
0918825,Maternal I,Integral,5
0918826,Maternal I,Integral,10
0918827,Maternal I,Integral,4
0918828,Maternal I,Integral,8
0918829,Maternal I,Integral,24
0918831,Maternal I,Integral,0
0918832,Maternal I,Integral,5
0918833,Maternal I,Integral,7
0918834,Maternal I,Integral,17
0918835,Maternal I,Integral,0
0918836,Maternal I,Integral,2
0918837,Maternal I,Integral,2
0918839,Maternal I,Integral,3
1019601,Maternal I,Integral,5
1019602,Maternal I,Integral,0
1019603,Maternal I,Integral,0
1019604,Maternal I,Integral,6
1019605,Maternal I,Integral,2
1019607,Maternal I,Integral,1
1019609,Maternal I,Integral,0
1019610,Maternal I,Integral,10
1019611,Maternal I,Integral,2
1019612,Maternal I,Integral,0
1019614,Maternal I,Integral,0
1019615,Maternal I,Integral,11
1019616,Maternal I,Integral,13
1019618,Maternal I,Integral,1
1019619,Maternal I,Integral,11
1019620,Maternal I,Integral,12
1019621,Maternal I,Integral,6
1019623,Maternal I,Integral,7
1019625,Maternal I,Integral,12
1019626,Maternal I,Integral,11
1019627,Maternal I,Integral,10
1019628,Maternal I,Integral,3
1019630,Maternal I,Integral,3
1019631,Maternal I,Integral,3
1019632,Maternal I,Integral,0
1019633,Maternal I,Integral,4
1019801,Maternal I,Integral,1
1019802,Maternal I,Integral,0
1019803,Maternal I,Integral,0
1019804,Maternal I,Integral,3
1019806,Maternal I,Integral,0
1019807,Maternal I,Integral,0
1019808,Maternal I,Integral,4
1019809,Maternal I,Integral,9
1019810,Maternal I,Integral,4
1019820,Maternal I,Integral,4
1019821,Maternal I,Integral,15
1019822,Maternal I,Integral,2
1019826,Maternal I,Integral,0
1019827,Maternal I,Integral,0
1019828,Maternal I,Integral,3
1019829,Maternal I,Integral,0
1019830,Maternal I,Integral,0
1019831,Maternal I,Integral,3
1026602,Maternal I,Integral,5
1026603,Maternal I,Integral,3
1026801,Maternal I,Integral,3
1026802,Maternal I,Integral,0
1026805,Maternal I,Integral,3
1026806,Maternal I,Integral,2
1026807,Maternal I,Integral,0
1026809,Maternal I,Integral,2
1026810,Maternal I,Integral,0
1120601,Maternal I,Integral,8
1120602,Maternal I,Integral,39
1120603,Maternal I,Integral,21
1120604,Maternal I,Integral,11
1120605,Maternal I,Integral,0
1120606,Maternal I,Integral,1
1120801,Maternal I,Integral,8
1120802,Maternal I,Integral,0
1120804,Maternal I,Integral,11
0101601,Maternal I,Parcial,16
0101604,Maternal I,Parcial,16
0101605,Maternal I,Parcial,18
0101606,Maternal I,Parcial,31
0101801,Maternal I,Parcial,2
0103607,Maternal I,Parcial,14
0103802,Maternal I,Parcial,7
0107606,Maternal I,Parcial,3
0107609,Maternal I,Parcial,9
0514802,Maternal I,Parcial,5
0622603,Maternal I,Parcial,0
0622801,Maternal I,Parcial,0
0625601,Maternal I,Parcial,5
0625608,Maternal I,Parcial,2
0625611,Maternal I,Parcial,0
0625615,Maternal I,Parcial,2
0625816,Maternal I,Parcial,11
0716602,Maternal I,Parcial,19
0716604,Maternal I,Parcial,24
0716814,Maternal I,Parcial,4
0716815,Maternal I,Parcial,2
0724603,Maternal I,Parcial,1
0817601,Maternal I,Parcial,20
0817607,Maternal I,Parcial,5
0817608,Maternal I,Parcial,17
0817609,Maternal I,Parcial,47
0817610,Maternal I,Parcial,9
0817612,Maternal I,Parcial,19
0817614,Maternal I,Parcial,14
0817616,Maternal I,Parcial,10
0817617,Maternal I,Parcial,8
0817618,Maternal I,Parcial,20
0817619,Maternal I,Parcial,8
0817801,Maternal I,Parcial,3
0817803,Maternal I,Parcial,0
0817806,Maternal I,Parcial,4
0817807,Maternal I,Parcial,2
0817808,Maternal I,Parcial,3
0817814,Maternal I,Parcial,4
0817815,Maternal I,Parcial,0
0833601,Maternal I,Parcial,5
0833602,Maternal I,Parcial,22
0833802,Maternal I,Parcial,20
0833806,Maternal I,Parcial,4
0918602,Maternal I,Parcial,5
0918603,Maternal I,Parcial,6
0918606,Maternal I,Parcial,4
0918607,Maternal I,Parcial,0
0918608,Maternal I,Parcial,50
0918614,Maternal I,Parcial,34
0918617,Maternal I,Parcial,16
0918618,Maternal I,Parcial,21
0918620,Maternal I,Parcial,31
0918801,Maternal I,Parcial,12
0918802,Maternal I,Parcial,9
0918811,Maternal I,Parcial,22
0918815,Maternal I,Parcial,19
0918817,Maternal I,Parcial,8
0918818,Maternal I,Parcial,1
0918821,Maternal I,Parcial,10
0918822,Maternal I,Parcial,11
0918824,Maternal I,Parcial,6
0918825,Maternal I,Parcial,26
0918828,Maternal I,Parcial,7
0918830,Maternal I,Parcial,3
0918838,Maternal I,Parcial,2
1019606,Maternal I,Parcial,2
1019613,Maternal I,Parcial,0
1026601,Maternal I,Parcial,16
1026604,Maternal I,Parcial,2
1026811,Maternal I,Parcial,3
0101602,Maternal II,Integral,24
0101603,Maternal II,Integral,2
0101607,Maternal II,Integral,9
0101802,Maternal II,Integral,17
0101803,Maternal II,Integral,18
0102602,Maternal II,Integral,8
0102604,Maternal II,Integral,5
0102605,Maternal II,Integral,8
0102802,Maternal II,Integral,37
0102803,Maternal II,Integral,15
0103601,Maternal II,Integral,8
0103602,Maternal II,Integral,5
0103604,Maternal II,Integral,0
0103605,Maternal II,Integral,5
0103606,Maternal II,Integral,1
0103801,Maternal II,Integral,0
0103804,Maternal II,Integral,2
0103805,Maternal II,Integral,9
0103807,Maternal II,Integral,5
0107601,Maternal II,Integral,10
0107602,Maternal II,Integral,6
0107603,Maternal II,Integral,5
0107604,Maternal II,Integral,2
0107605,Maternal II,Integral,1
0107607,Maternal II,Integral,7
0107608,Maternal II,Integral,0
0107610,Maternal II,Integral,2
0107802,Maternal II,Integral,14
0121001,Maternal II,Integral,9
0123601,Maternal II,Integral,18
0123603,Maternal II,Integral,8
0123801,Maternal II,Integral,13
0204601,Maternal II,Integral,10
0204602,Maternal II,Integral,3
0204804,Maternal II,Integral,3
0204805,Maternal II,Integral,5
0204806,Maternal II,Integral,24
0205601,Maternal II,Integral,10
0205602,Maternal II,Integral,12
0205801,Maternal II,Integral,27
0206601,Maternal II,Integral,5
0206602,Maternal II,Integral,6
0206603,Maternal II,Integral,1
0206605,Maternal II,Integral,9
0206606,Maternal II,Integral,3
0208601,Maternal II,Integral,22
0208603,Maternal II,Integral,12
0208604,Maternal II,Integral,3
0208605,Maternal II,Integral,3
0208606,Maternal II,Integral,2
0208607,Maternal II,Integral,11
0208608,Maternal II,Integral,11
0208801,Maternal II,Integral,13
0208803,Maternal II,Integral,10
0209601,Maternal II,Integral,5
0209602,Maternal II,Integral,18
0209603,Maternal II,Integral,7
0209604,Maternal II,Integral,8
0209605,Maternal II,Integral,14
0209606,Maternal II,Integral,24
0209607,Maternal II,Integral,10
0209608,Maternal II,Integral,10
0209609,Maternal II,Integral,11
0209610,Maternal II,Integral,15
0209803,Maternal II,Integral,18
0209804,Maternal II,Integral,6
0227601,Maternal II,Integral,3
0227602,Maternal II,Integral,17
0227801,Maternal II,Integral,3
0312502,Maternal II,Integral,16
0312601,Maternal II,Integral,8
0312602,Maternal II,Integral,4
0312603,Maternal II,Integral,4
0312801,Maternal II,Integral,0
0312802,Maternal II,Integral,29
0312803,Maternal II,Integral,20
0312804,Maternal II,Integral,19
0312805,Maternal II,Integral,17
0312806,Maternal II,Integral,0
0312809,Maternal II,Integral,4
0312810,Maternal II,Integral,2
0312812,Maternal II,Integral,2
0312813,Maternal II,Integral,9
0313601,Maternal II,Integral,9
0313602,Maternal II,Integral,12
0313603,Maternal II,Integral,6
0313604,Maternal II,Integral,7
0313606,Maternal II,Integral,0
0313607,Maternal II,Integral,31
0313608,Maternal II,Integral,1
0313609,Maternal II,Integral,15
0313610,Maternal II,Integral,12
0313611,Maternal II,Integral,14
0313612,Maternal II,Integral,20
0313801,Maternal II,Integral,10
0313802,Maternal II,Integral,2
0313804,Maternal II,Integral,2
0313805,Maternal II,Integral,4
0313806,Maternal II,Integral,5
0313809,Maternal II,Integral,0
0328601,Maternal II,Integral,31
0328602,Maternal II,Integral,1
0328604,Maternal II,Integral,4
0328801,Maternal II,Integral,3
0329801,Maternal II,Integral,4
0330601,Maternal II,Integral,2
0330602,Maternal II,Integral,5
0410601,Maternal II,Integral,2
0410602,Maternal II,Integral,11
0410801,Maternal II,Integral,1
0410802,Maternal II,Integral,0
0410803,Maternal II,Integral,8
0410804,Maternal II,Integral,6
0410805,Maternal II,Integral,3
0410807,Maternal II,Integral,0
0410808,Maternal II,Integral,3
0410810,Maternal II,Integral,23
0411601,Maternal II,Integral,0
0411602,Maternal II,Integral,1
0411603,Maternal II,Integral,4
0411604,Maternal II,Integral,2
0411605,Maternal II,Integral,27
0411607,Maternal II,Integral,23
0411609,Maternal II,Integral,0
0411801,Maternal II,Integral,12
0411802,Maternal II,Integral,12
0411803,Maternal II,Integral,7
0411804,Maternal II,Integral,10
0430601,Maternal II,Integral,0
0430602,Maternal II,Integral,1
0430603,Maternal II,Integral,0
0430604,Maternal II,Integral,1
0430605,Maternal II,Integral,0
0430607,Maternal II,Integral,6
0430801,Maternal II,Integral,0
0430802,Maternal II,Integral,4
0430803,Maternal II,Integral,4
0430805,Maternal II,Integral,2
0430806,Maternal II,Integral,5
0430807,Maternal II,Integral,3
0430809,Maternal II,Integral,3
0430810,Maternal II,Integral,2
0430811,Maternal II,Integral,8
0430812,Maternal II,Integral,3
0430813,Maternal II,Integral,10
0430815,Maternal II,Integral,2
0431601,Maternal II,Integral,4
0431602,Maternal II,Integral,11
0431603,Maternal II,Integral,12
0431604,Maternal II,Integral,17
0431605,Maternal II,Integral,3
0431606,Maternal II,Integral,20
0431607,Maternal II,Integral,6
0431608,Maternal II,Integral,22
0431801,Maternal II,Integral,2
0431802,Maternal II,Integral,4
0514501,Maternal II,Integral,1
0514601,Maternal II,Integral,6
0514602,Maternal II,Integral,4
0514603,Maternal II,Integral,17
0514604,Maternal II,Integral,2
0514605,Maternal II,Integral,7
0514606,Maternal II,Integral,8
0514607,Maternal II,Integral,23
0514608,Maternal II,Integral,13
0514609,Maternal II,Integral,0
0514801,Maternal II,Integral,18
0515015,Maternal II,Integral,2
0515046,Maternal II,Integral,5
0515053,Maternal II,Integral,2
0515064,Maternal II,Integral,2
0515501,Maternal II,Integral,15
0515503,Maternal II,Integral,0
0515601,Maternal II,Integral,20
0515602,Maternal II,Integral,1
0515604,Maternal II,Integral,4
0515605,Maternal II,Integral,4
0515606,Maternal II,Integral,7
0515607,Maternal II,Integral,4
0515608,Maternal II,Integral,2
0515610,Maternal II,Integral,3
0515611,Maternal II,Integral,0
0515612,Maternal II,Integral,20
0515613,Maternal II,Integral,2
0515801,Maternal II,Integral,1
0515803,Maternal II,Integral,0
0515804,Maternal II,Integral,4
0515805,Maternal II,Integral,19
0515807,Maternal II,Integral,14
0515808,Maternal II,Integral,0
0515809,Maternal II,Integral,8
0515810,Maternal II,Integral,16
0622202,Maternal II,Integral,17
0622601,Maternal II,Integral,7
0622602,Maternal II,Integral,31
0622603,Maternal II,Integral,2
0622801,Maternal II,Integral,0
0622802,Maternal II,Integral,0
0622804,Maternal II,Integral,4
0622805,Maternal II,Integral,6
0625601,Maternal II,Integral,2
0625602,Maternal II,Integral,0
0625603,Maternal II,Integral,16
0625604,Maternal II,Integral,4
0625605,Maternal II,Integral,9
0625606,Maternal II,Integral,3
0625607,Maternal II,Integral,12
0625608,Maternal II,Integral,4
0625609,Maternal II,Integral,4
0625610,Maternal II,Integral,2
0625611,Maternal II,Integral,1
0625612,Maternal II,Integral,3
0625614,Maternal II,Integral,0
0625615,Maternal II,Integral,2
0625616,Maternal II,Integral,0
0625801,Maternal II,Integral,6
0625802,Maternal II,Integral,7
0625803,Maternal II,Integral,2
0625804,Maternal II,Integral,2
0625807,Maternal II,Integral,4
0625813,Maternal II,Integral,4
0625814,Maternal II,Integral,27
0625815,Maternal II,Integral,3
0625816,Maternal II,Integral,2
0625817,Maternal II,Integral,2
0625818,Maternal II,Integral,2
0625819,Maternal II,Integral,0
0625820,Maternal II,Integral,9
0716601,Maternal II,Integral,3
0716603,Maternal II,Integral,2
0716605,Maternal II,Integral,0
0716606,Maternal II,Integral,2
0716607,Maternal II,Integral,4
0716608,Maternal II,Integral,8
0716609,Maternal II,Integral,4
0716610,Maternal II,Integral,5
0716611,Maternal II,Integral,14
0716612,Maternal II,Integral,4
0716613,Maternal II,Integral,0
0716614,Maternal II,Integral,0
0716801,Maternal II,Integral,4
0716802,Maternal II,Integral,16
0716803,Maternal II,Integral,4
0716804,Maternal II,Integral,13
0716805,Maternal II,Integral,5
0716806,Maternal II,Integral,1
0716807,Maternal II,Integral,19
0716808,Maternal II,Integral,6
0716809,Maternal II,Integral,9
0716812,Maternal II,Integral,3
0716813,Maternal II,Integral,2
0716816,Maternal II,Integral,2
0716818,Maternal II,Integral,3
0716819,Maternal II,Integral,4
0716820,Maternal II,Integral,2
0716821,Maternal II,Integral,4
0716822,Maternal II,Integral,4
0716824,Maternal II,Integral,2
0724601,Maternal II,Integral,6
0724604,Maternal II,Integral,8
0724605,Maternal II,Integral,2
0724606,Maternal II,Integral,2
0724801,Maternal II,Integral,15
0724802,Maternal II,Integral,18
0724803,Maternal II,Integral,8
0724804,Maternal II,Integral,15
0724805,Maternal II,Integral,5
0724806,Maternal II,Integral,4
0724807,Maternal II,Integral,29
0724808,Maternal II,Integral,14
0724809,Maternal II,Integral,10
0734601,Maternal II,Integral,1
0734602,Maternal II,Integral,6
0734603,Maternal II,Integral,5
0734801,Maternal II,Integral,9
0734802,Maternal II,Integral,0
0734803,Maternal II,Integral,2
0734804,Maternal II,Integral,3
0734805,Maternal II,Integral,1
0817202,Maternal II,Integral,2
0817504,Maternal II,Integral,5
0817602,Maternal II,Integral,4
0817603,Maternal II,Integral,4
0817604,Maternal II,Integral,38
0817605,Maternal II,Integral,2
0817606,Maternal II,Integral,6
0817611,Maternal II,Integral,12
0817613,Maternal II,Integral,4
0817615,Maternal II,Integral,11
0817801,Maternal II,Integral,4
0817804,Maternal II,Integral,4
0817805,Maternal II,Integral,9
0817807,Maternal II,Integral,0
0833505,Maternal II,Integral,5
0833601,Maternal II,Integral,3
0833602,Maternal II,Integral,0
0833603,Maternal II,Integral,8
0833801,Maternal II,Integral,13
0833803,Maternal II,Integral,6
0833805,Maternal II,Integral,5
0833807,Maternal II,Integral,1
0833809,Maternal II,Integral,11
0833810,Maternal II,Integral,2
0833811,Maternal II,Integral,14
0918601,Maternal II,Integral,4
0918604,Maternal II,Integral,12
0918605,Maternal II,Integral,4
0918606,Maternal II,Integral,8
0918607,Maternal II,Integral,0
0918609,Maternal II,Integral,9
0918610,Maternal II,Integral,7
0918611,Maternal II,Integral,18
0918613,Maternal II,Integral,7
0918615,Maternal II,Integral,4
0918616,Maternal II,Integral,2
0918619,Maternal II,Integral,15
0918620,Maternal II,Integral,4
0918621,Maternal II,Integral,12
0918803,Maternal II,Integral,2
0918804,Maternal II,Integral,2
0918805,Maternal II,Integral,9
0918807,Maternal II,Integral,15
0918808,Maternal II,Integral,16
0918809,Maternal II,Integral,8
0918812,Maternal II,Integral,4
0918813,Maternal II,Integral,5
0918814,Maternal II,Integral,12
0918816,Maternal II,Integral,5
0918820,Maternal II,Integral,23
0918821,Maternal II,Integral,0
0918822,Maternal II,Integral,8
0918823,Maternal II,Integral,4
0918824,Maternal II,Integral,2
0918825,Maternal II,Integral,4
0918826,Maternal II,Integral,4
0918827,Maternal II,Integral,6
0918828,Maternal II,Integral,4
0918829,Maternal II,Integral,5
0918831,Maternal II,Integral,18
0918832,Maternal II,Integral,2
0918833,Maternal II,Integral,2
0918834,Maternal II,Integral,15
0918835,Maternal II,Integral,9
0918836,Maternal II,Integral,5
0918837,Maternal II,Integral,1
0918839,Maternal II,Integral,11
1019601,Maternal II,Integral,2
1019602,Maternal II,Integral,2
1019603,Maternal II,Integral,1
1019604,Maternal II,Integral,12
1019605,Maternal II,Integral,6
1019607,Maternal II,Integral,1
1019609,Maternal II,Integral,6
1019610,Maternal II,Integral,5
1019611,Maternal II,Integral,8
1019612,Maternal II,Integral,7
1019614,Maternal II,Integral,5
1019615,Maternal II,Integral,18
1019616,Maternal II,Integral,4
1019618,Maternal II,Integral,5
1019619,Maternal II,Integral,4
1019620,Maternal II,Integral,8
1019621,Maternal II,Integral,4
1019624,Maternal II,Integral,7
1019625,Maternal II,Integral,8
1019626,Maternal II,Integral,11
1019627,Maternal II,Integral,20
1019628,Maternal II,Integral,0
1019630,Maternal II,Integral,0
1019631,Maternal II,Integral,2
1019632,Maternal II,Integral,2
1019633,Maternal II,Integral,5
1019801,Maternal II,Integral,6
1019802,Maternal II,Integral,2
1019803,Maternal II,Integral,3
1019804,Maternal II,Integral,1
1019806,Maternal II,Integral,2
1019807,Maternal II,Integral,7
1019808,Maternal II,Integral,0
1019809,Maternal II,Integral,4
1019810,Maternal II,Integral,0
1019811,Maternal II,Integral,0
1019818,Maternal II,Integral,3
1019820,Maternal II,Integral,9
1019821,Maternal II,Integral,5
1019822,Maternal II,Integral,1
1019824,Maternal II,Integral,1
1019826,Maternal II,Integral,3
1019827,Maternal II,Integral,3
1019828,Maternal II,Integral,2
1019829,Maternal II,Integral,1
1019830,Maternal II,Integral,3
1019831,Maternal II,Integral,4
1026602,Maternal II,Integral,10
1026603,Maternal II,Integral,7
1026801,Maternal II,Integral,0
1026802,Maternal II,Integral,0
1026805,Maternal II,Integral,6
1026806,Maternal II,Integral,6
1026807,Maternal II,Integral,7
1026809,Maternal II,Integral,6
1026810,Maternal II,Integral,2
1120201,Maternal II,Integral,4
1120601,Maternal II,Integral,30
1120602,Maternal II,Integral,9
1120603,Maternal II,Integral,13
1120604,Maternal II,Integral,5
1120605,Maternal II,Integral,11
1120606,Maternal II,Integral,2
1120801,Maternal II,Integral,5
1120802,Maternal II,Integral,2
1120804,Maternal II,Integral,8
0101601,Maternal II,Parcial,14
0101604,Maternal II,Parcial,6
0101605,Maternal II,Parcial,10
0101606,Maternal II,Parcial,29
0101801,Maternal II,Parcial,36
0103607,Maternal II,Parcial,20
0103802,Maternal II,Parcial,9
0103806,Maternal II,Parcial,20
0107606,Maternal II,Parcial,2
0107609,Maternal II,Parcial,18
0107801,Maternal II,Parcial,10
0107803,Maternal II,Parcial,19
0410603,Maternal II,Parcial,8
0431803,Maternal II,Parcial,7
0514009,Maternal II,Parcial,4
0514802,Maternal II,Parcial,2
0514803,Maternal II,Parcial,2
0515021,Maternal II,Parcial,5
0515802,Maternal II,Parcial,23
0622603,Maternal II,Parcial,7
0622801,Maternal II,Parcial,2
0622810,Maternal II,Parcial,0
0625601,Maternal II,Parcial,8
0625608,Maternal II,Parcial,2
0625611,Maternal II,Parcial,2
0625615,Maternal II,Parcial,0
0625802,Maternal II,Parcial,10
0625816,Maternal II,Parcial,3
0716602,Maternal II,Parcial,12
0716604,Maternal II,Parcial,7
0716814,Maternal II,Parcial,4
0716815,Maternal II,Parcial,10
0724603,Maternal II,Parcial,5
0817505,Maternal II,Parcial,32
0817601,Maternal II,Parcial,24
0817607,Maternal II,Parcial,8
0817608,Maternal II,Parcial,10
0817609,Maternal II,Parcial,27
0817610,Maternal II,Parcial,19
0817612,Maternal II,Parcial,2
0817614,Maternal II,Parcial,2
0817616,Maternal II,Parcial,29
0817617,Maternal II,Parcial,4
0817618,Maternal II,Parcial,4
0817619,Maternal II,Parcial,0
0817801,Maternal II,Parcial,1
0817802,Maternal II,Parcial,26
0817803,Maternal II,Parcial,0
0817806,Maternal II,Parcial,7
0817807,Maternal II,Parcial,2
0817808,Maternal II,Parcial,0
0817809,Maternal II,Parcial,18
0817810,Maternal II,Parcial,32
0817814,Maternal II,Parcial,4
0817815,Maternal II,Parcial,5
0833602,Maternal II,Parcial,27
0833802,Maternal II,Parcial,23
0833806,Maternal II,Parcial,8
0833808,Maternal II,Parcial,7
0918602,Maternal II,Parcial,2
0918603,Maternal II,Parcial,11
0918606,Maternal II,Parcial,5
0918607,Maternal II,Parcial,2
0918608,Maternal II,Parcial,4
0918614,Maternal II,Parcial,18
0918615,Maternal II,Parcial,26
0918616,Maternal II,Parcial,0
0918617,Maternal II,Parcial,5
0918618,Maternal II,Parcial,18
0918620,Maternal II,Parcial,21
0918801,Maternal II,Parcial,4
0918802,Maternal II,Parcial,10
0918804,Maternal II,Parcial,15
0918806,Maternal II,Parcial,12
0918810,Maternal II,Parcial,2
0918811,Maternal II,Parcial,7
0918814,Maternal II,Parcial,19
0918815,Maternal II,Parcial,15
0918817,Maternal II,Parcial,3
0918818,Maternal II,Parcial,6
0918819,Maternal II,Parcial,31
0918821,Maternal II,Parcial,2
0918823,Maternal II,Parcial,11
0918824,Maternal II,Parcial,2
0918825,Maternal II,Parcial,6
0918826,Maternal II,Parcial,3
0918828,Maternal II,Parcial,5
0918830,Maternal II,Parcial,0
0918833,Maternal II,Parcial,4
0918836,Maternal II,Parcial,3
0918838,Maternal II,Parcial,2
1019606,Maternal II,Parcial,17
1019613,Maternal II,Parcial,0
1019623,Maternal II,Parcial,4
1019815,Maternal II,Parcial,3
1026601,Maternal II,Parcial,22
1026604,Maternal II,Parcial,12
1026803,Maternal II,Parcial,7
1026811,Maternal II,Parcial,0
